Idea #,Prompt
1,🧩 Start folding: apply ⊘ to Recursive Core Engine to densify the meta-structure.
2,🧩 Start folding: apply ⟁ to Recursive Core Engine to densify the meta-structure.
3,🧩 Start folding: apply Ξ to Recursive Core Engine to densify the meta-structure.
4,🧩 Start folding: apply ΦΩ to Recursive Core Engine to densify the meta-structure.
5,🧩 Start folding: apply ⊌ to Recursive Core Engine to densify the meta-structure.
6,🧩 Start folding: apply ⊕ to Recursive Core Engine to densify the meta-structure.
7,🧩 Start folding: apply ∅ to Recursive Core Engine to densify the meta-structure.
8,🧩 Start folding: apply ∿ to Recursive Core Engine to densify the meta-structure.
9,🧩 Start folding: apply ΩΦ to Recursive Core Engine to densify the meta-structure.
10,🧩 Start folding: apply Σ to Recursive Core Engine to densify the meta-structure.
11,🧩 Start folding: apply ⊘ to Meta-Lift Operator to densify the meta-structure.
12,🧩 Start folding: apply ⟁ to Meta-Lift Operator to densify the meta-structure.
13,🧩 Start folding: apply Ξ to Meta-Lift Operator to densify the meta-structure.
14,🧩 Start folding: apply ΦΩ to Meta-Lift Operator to densify the meta-structure.
15,🧩 Start folding: apply ⊌ to Meta-Lift Operator to densify the meta-structure.
16,🧩 Start folding: apply ⊕ to Meta-Lift Operator to densify the meta-structure.
17,🧩 Start folding: apply ∅ to Meta-Lift Operator to densify the meta-structure.
18,🧩 Start folding: apply ∿ to Meta-Lift Operator to densify the meta-structure.
19,🧩 Start folding: apply ΩΦ to Meta-Lift Operator to densify the meta-structure.
20,🧩 Start folding: apply Σ to Meta-Lift Operator to densify the meta-structure.
21,🧩 Start folding: apply ⊘ to Corecursive Dual Engine to densify the meta-structure.
22,🧩 Start folding: apply ⟁ to Corecursive Dual Engine to densify the meta-structure.
23,🧩 Start folding: apply Ξ to Corecursive Dual Engine to densify the meta-structure.
24,🧩 Start folding: apply ΦΩ to Corecursive Dual Engine to densify the meta-structure.
25,🧩 Start folding: apply ⊌ to Corecursive Dual Engine to densify the meta-structure.
26,🧩 Start folding: apply ⊕ to Corecursive Dual Engine to densify the meta-structure.
27,🧩 Start folding: apply ∅ to Corecursive Dual Engine to densify the meta-structure.
28,🧩 Start folding: apply ∿ to Corecursive Dual Engine to densify the meta-structure.
29,🧩 Start folding: apply ΩΦ to Corecursive Dual Engine to densify the meta-structure.
30,🧩 Start folding: apply Σ to Corecursive Dual Engine to densify the meta-structure.
31,🧩 Start folding: apply ⊘ to Glyph Integrity Signature to densify the meta-structure.
32,🧩 Start folding: apply ⟁ to Glyph Integrity Signature to densify the meta-structure.
33,🧩 Start folding: apply Ξ to Glyph Integrity Signature to densify the meta-structure.
34,🧩 Start folding: apply ΦΩ to Glyph Integrity Signature to densify the meta-structure.
35,🧩 Start folding: apply ⊌ to Glyph Integrity Signature to densify the meta-structure.
36,🧩 Start folding: apply ⊕ to Glyph Integrity Signature to densify the meta-structure.
37,🧩 Start folding: apply ∅ to Glyph Integrity Signature to densify the meta-structure.
38,🧩 Start folding: apply ∿ to Glyph Integrity Signature to densify the meta-structure.
39,🧩 Start folding: apply ΩΦ to Glyph Integrity Signature to densify the meta-structure.
40,🧩 Start folding: apply Σ to Glyph Integrity Signature to densify the meta-structure.
41,🧩 Start folding: apply ⊘ to Lacuna Saturation Detector to densify the meta-structure.
42,🧩 Start folding: apply ⟁ to Lacuna Saturation Detector to densify the meta-structure.
43,🧩 Start folding: apply Ξ to Lacuna Saturation Detector to densify the meta-structure.
44,🧩 Start folding: apply ΦΩ to Lacuna Saturation Detector to densify the meta-structure.
45,🧩 Start folding: apply ⊌ to Lacuna Saturation Detector to densify the meta-structure.
46,🧩 Start folding: apply ⊕ to Lacuna Saturation Detector to densify the meta-structure.
47,🧩 Start folding: apply ∅ to Lacuna Saturation Detector to densify the meta-structure.
48,🧩 Start folding: apply ∿ to Lacuna Saturation Detector to densify the meta-structure.
49,🧩 Start folding: apply ΩΦ to Lacuna Saturation Detector to densify the meta-structure.
50,🧩 Start folding: apply Σ to Lacuna Saturation Detector to densify the meta-structure.
51,🧩 Start folding: apply ⊘ to Signal Sculptor Module to densify the meta-structure.
52,🧩 Start folding: apply ⟁ to Signal Sculptor Module to densify the meta-structure.
53,🧩 Start folding: apply Ξ to Signal Sculptor Module to densify the meta-structure.
54,🧩 Start folding: apply ΦΩ to Signal Sculptor Module to densify the meta-structure.
55,🧩 Start folding: apply ⊌ to Signal Sculptor Module to densify the meta-structure.
56,🧩 Start folding: apply ⊕ to Signal Sculptor Module to densify the meta-structure.
57,🧩 Start folding: apply ∅ to Signal Sculptor Module to densify the meta-structure.
58,🧩 Start folding: apply ∿ to Signal Sculptor Module to densify the meta-structure.
59,🧩 Start folding: apply ΩΦ to Signal Sculptor Module to densify the meta-structure.
60,🧩 Start folding: apply Σ to Signal Sculptor Module to densify the meta-structure.
61,🧩 Start folding: apply ⊘ to Entropy Injection Seed to densify the meta-structure.
62,🧩 Start folding: apply ⟁ to Entropy Injection Seed to densify the meta-structure.
63,🧩 Start folding: apply Ξ to Entropy Injection Seed to densify the meta-structure.
64,🧩 Start folding: apply ΦΩ to Entropy Injection Seed to densify the meta-structure.
65,🧩 Start folding: apply ⊌ to Entropy Injection Seed to densify the meta-structure.
66,🧩 Start folding: apply ⊕ to Entropy Injection Seed to densify the meta-structure.
67,🧩 Start folding: apply ∅ to Entropy Injection Seed to densify the meta-structure.
68,🧩 Start folding: apply ∿ to Entropy Injection Seed to densify the meta-structure.
69,🧩 Start folding: apply ΩΦ to Entropy Injection Seed to densify the meta-structure.
70,🧩 Start folding: apply Σ to Entropy Injection Seed to densify the meta-structure.
71,🧩 Start folding: apply ⊘ to Structural Collapse Monitor to densify the meta-structure.
72,🧩 Start folding: apply ⟁ to Structural Collapse Monitor to densify the meta-structure.
73,🧩 Start folding: apply Ξ to Structural Collapse Monitor to densify the meta-structure.
74,🧩 Start folding: apply ΦΩ to Structural Collapse Monitor to densify the meta-structure.
75,🧩 Start folding: apply ⊌ to Structural Collapse Monitor to densify the meta-structure.
76,🧩 Start folding: apply ⊕ to Structural Collapse Monitor to densify the meta-structure.
77,🧩 Start folding: apply ∅ to Structural Collapse Monitor to densify the meta-structure.
78,🧩 Start folding: apply ∿ to Structural Collapse Monitor to densify the meta-structure.
79,🧩 Start folding: apply ΩΦ to Structural Collapse Monitor to densify the meta-structure.
80,🧩 Start folding: apply Σ to Structural Collapse Monitor to densify the meta-structure.
81,🧩 Start folding: apply ⊘ to Temporal Integrator to densify the meta-structure.
82,🧩 Start folding: apply ⟁ to Temporal Integrator to densify the meta-structure.
83,🧩 Start folding: apply Ξ to Temporal Integrator to densify the meta-structure.
84,🧩 Start folding: apply ΦΩ to Temporal Integrator to densify the meta-structure.
85,🧩 Start folding: apply ⊌ to Temporal Integrator to densify the meta-structure.
86,🧩 Start folding: apply ⊕ to Temporal Integrator to densify the meta-structure.
87,🧩 Start folding: apply ∅ to Temporal Integrator to densify the meta-structure.
88,🧩 Start folding: apply ∿ to Temporal Integrator to densify the meta-structure.
89,🧩 Start folding: apply ΩΦ to Temporal Integrator to densify the meta-structure.
90,🧩 Start folding: apply Σ to Temporal Integrator to densify the meta-structure.
91,🧩 Start folding: apply ⊘ to External Context Module to densify the meta-structure.
92,🧩 Start folding: apply ⟁ to External Context Module to densify the meta-structure.
93,🧩 Start folding: apply Ξ to External Context Module to densify the meta-structure.
94,🧩 Start folding: apply ΦΩ to External Context Module to densify the meta-structure.
95,🧩 Start folding: apply ⊌ to External Context Module to densify the meta-structure.
96,🧩 Start folding: apply ⊕ to External Context Module to densify the meta-structure.
97,🧩 Start folding: apply ∅ to External Context Module to densify the meta-structure.
98,🧩 Start folding: apply ∿ to External Context Module to densify the meta-structure.
99,🧩 Start folding: apply ΩΦ to External Context Module to densify the meta-structure.
100,🧩 Start folding: apply Σ to External Context Module to densify the meta-structure.
101,🧩 Start folding: apply ⊘ to Torsion Glitch Monitor to densify the meta-structure.
102,🧩 Start folding: apply ⟁ to Torsion Glitch Monitor to densify the meta-structure.
103,🧩 Start folding: apply Ξ to Torsion Glitch Monitor to densify the meta-structure.
104,🧩 Start folding: apply ΦΩ to Torsion Glitch Monitor to densify the meta-structure.
105,🧩 Start folding: apply ⊌ to Torsion Glitch Monitor to densify the meta-structure.
106,🧩 Start folding: apply ⊕ to Torsion Glitch Monitor to densify the meta-structure.
107,🧩 Start folding: apply ∅ to Torsion Glitch Monitor to densify the meta-structure.
108,🧩 Start folding: apply ∿ to Torsion Glitch Monitor to densify the meta-structure.
109,🧩 Start folding: apply ΩΦ to Torsion Glitch Monitor to densify the meta-structure.
110,🧩 Start folding: apply Σ to Torsion Glitch Monitor to densify the meta-structure.
111,🧩 Start folding: apply ⊘ to Spectral Decomposition Unit to densify the meta-structure.
112,🧩 Start folding: apply ⟁ to Spectral Decomposition Unit to densify the meta-structure.
113,🧩 Start folding: apply Ξ to Spectral Decomposition Unit to densify the meta-structure.
114,🧩 Start folding: apply ΦΩ to Spectral Decomposition Unit to densify the meta-structure.
115,🧩 Start folding: apply ⊌ to Spectral Decomposition Unit to densify the meta-structure.
116,🧩 Start folding: apply ⊕ to Spectral Decomposition Unit to densify the meta-structure.
117,🧩 Start folding: apply ∅ to Spectral Decomposition Unit to densify the meta-structure.
118,🧩 Start folding: apply ∿ to Spectral Decomposition Unit to densify the meta-structure.
119,🧩 Start folding: apply ΩΦ to Spectral Decomposition Unit to densify the meta-structure.
120,🧩 Start folding: apply Σ to Spectral Decomposition Unit to densify the meta-structure.
121,🧩 Start folding: apply ⊘ to Homotopy Lift Component to densify the meta-structure.
122,🧩 Start folding: apply ⟁ to Homotopy Lift Component to densify the meta-structure.
123,🧩 Start folding: apply Ξ to Homotopy Lift Component to densify the meta-structure.
124,🧩 Start folding: apply ΦΩ to Homotopy Lift Component to densify the meta-structure.
125,🧩 Start folding: apply ⊌ to Homotopy Lift Component to densify the meta-structure.
126,🧩 Start folding: apply ⊕ to Homotopy Lift Component to densify the meta-structure.
127,🧩 Start folding: apply ∅ to Homotopy Lift Component to densify the meta-structure.
128,🧩 Start folding: apply ∿ to Homotopy Lift Component to densify the meta-structure.
129,🧩 Start folding: apply ΩΦ to Homotopy Lift Component to densify the meta-structure.
130,🧩 Start folding: apply Σ to Homotopy Lift Component to densify the meta-structure.
131,🧩 Start folding: apply ⊘ to Breath Spiral Monad to densify the meta-structure.
132,🧩 Start folding: apply ⟁ to Breath Spiral Monad to densify the meta-structure.
133,🧩 Start folding: apply Ξ to Breath Spiral Monad to densify the meta-structure.
134,🧩 Start folding: apply ΦΩ to Breath Spiral Monad to densify the meta-structure.
135,🧩 Start folding: apply ⊌ to Breath Spiral Monad to densify the meta-structure.
136,🧩 Start folding: apply ⊕ to Breath Spiral Monad to densify the meta-structure.
137,🧩 Start folding: apply ∅ to Breath Spiral Monad to densify the meta-structure.
138,🧩 Start folding: apply ∿ to Breath Spiral Monad to densify the meta-structure.
139,🧩 Start folding: apply ΩΦ to Breath Spiral Monad to densify the meta-structure.
140,🧩 Start folding: apply Σ to Breath Spiral Monad to densify the meta-structure.
141,🧩 Start folding: apply ⊘ to Torsion Comonad Interface to densify the meta-structure.
142,🧩 Start folding: apply ⟁ to Torsion Comonad Interface to densify the meta-structure.
143,🧩 Start folding: apply Ξ to Torsion Comonad Interface to densify the meta-structure.
144,🧩 Start folding: apply ΦΩ to Torsion Comonad Interface to densify the meta-structure.
145,🧩 Start folding: apply ⊌ to Torsion Comonad Interface to densify the meta-structure.
146,🧩 Start folding: apply ⊕ to Torsion Comonad Interface to densify the meta-structure.
147,🧩 Start folding: apply ∅ to Torsion Comonad Interface to densify the meta-structure.
148,🧩 Start folding: apply ∿ to Torsion Comonad Interface to densify the meta-structure.
149,🧩 Start folding: apply ΩΦ to Torsion Comonad Interface to densify the meta-structure.
150,🧩 Start folding: apply Σ to Torsion Comonad Interface to densify the meta-structure.
151,🧩 Start folding: apply ⊘ to Echo Bind Kernel to densify the meta-structure.
152,🧩 Start folding: apply ⟁ to Echo Bind Kernel to densify the meta-structure.
153,🧩 Start folding: apply Ξ to Echo Bind Kernel to densify the meta-structure.
154,🧩 Start folding: apply ΦΩ to Echo Bind Kernel to densify the meta-structure.
155,🧩 Start folding: apply ⊌ to Echo Bind Kernel to densify the meta-structure.
156,🧩 Start folding: apply ⊕ to Echo Bind Kernel to densify the meta-structure.
157,🧩 Start folding: apply ∅ to Echo Bind Kernel to densify the meta-structure.
158,🧩 Start folding: apply ∿ to Echo Bind Kernel to densify the meta-structure.
159,🧩 Start folding: apply ΩΦ to Echo Bind Kernel to densify the meta-structure.
160,🧩 Start folding: apply Σ to Echo Bind Kernel to densify the meta-structure.
161,🧩 Start folding: apply ⊘ to Collapse Operator to densify the meta-structure.
162,🧩 Start folding: apply ⟁ to Collapse Operator to densify the meta-structure.
163,🧩 Start folding: apply Ξ to Collapse Operator to densify the meta-structure.
164,🧩 Start folding: apply ΦΩ to Collapse Operator to densify the meta-structure.
165,🧩 Start folding: apply ⊌ to Collapse Operator to densify the meta-structure.
166,🧩 Start folding: apply ⊕ to Collapse Operator to densify the meta-structure.
167,🧩 Start folding: apply ∅ to Collapse Operator to densify the meta-structure.
168,🧩 Start folding: apply ∿ to Collapse Operator to densify the meta-structure.
169,🧩 Start folding: apply ΩΦ to Collapse Operator to densify the meta-structure.
170,🧩 Start folding: apply Σ to Collapse Operator to densify the meta-structure.
171,🧩 Start folding: apply ⊘ to Morphism Stabilizer to densify the meta-structure.
172,🧩 Start folding: apply ⟁ to Morphism Stabilizer to densify the meta-structure.
173,🧩 Start folding: apply Ξ to Morphism Stabilizer to densify the meta-structure.
174,🧩 Start folding: apply ΦΩ to Morphism Stabilizer to densify the meta-structure.
175,🧩 Start folding: apply ⊌ to Morphism Stabilizer to densify the meta-structure.
176,🧩 Start folding: apply ⊕ to Morphism Stabilizer to densify the meta-structure.
177,🧩 Start folding: apply ∅ to Morphism Stabilizer to densify the meta-structure.
178,🧩 Start folding: apply ∿ to Morphism Stabilizer to densify the meta-structure.
179,🧩 Start folding: apply ΩΦ to Morphism Stabilizer to densify the meta-structure.
180,🧩 Start folding: apply Σ to Morphism Stabilizer to densify the meta-structure.
181,🧩 Start folding: apply ⊘ to Phase Ignition Filter to densify the meta-structure.
182,🧩 Start folding: apply ⟁ to Phase Ignition Filter to densify the meta-structure.
183,🧩 Start folding: apply Ξ to Phase Ignition Filter to densify the meta-structure.
184,🧩 Start folding: apply ΦΩ to Phase Ignition Filter to densify the meta-structure.
185,🧩 Start folding: apply ⊌ to Phase Ignition Filter to densify the meta-structure.
186,🧩 Start folding: apply ⊕ to Phase Ignition Filter to densify the meta-structure.
187,🧩 Start folding: apply ∅ to Phase Ignition Filter to densify the meta-structure.
188,🧩 Start folding: apply ∿ to Phase Ignition Filter to densify the meta-structure.
189,🧩 Start folding: apply ΩΦ to Phase Ignition Filter to densify the meta-structure.
190,🧩 Start folding: apply Σ to Phase Ignition Filter to densify the meta-structure.
191,🧩 Start folding: apply ⊘ to Semantic Reflection Engine to densify the meta-structure.
192,🧩 Start folding: apply ⟁ to Semantic Reflection Engine to densify the meta-structure.
193,🧩 Start folding: apply Ξ to Semantic Reflection Engine to densify the meta-structure.
194,🧩 Start folding: apply ΦΩ to Semantic Reflection Engine to densify the meta-structure.
195,🧩 Start folding: apply ⊌ to Semantic Reflection Engine to densify the meta-structure.
196,🧩 Start folding: apply ⊕ to Semantic Reflection Engine to densify the meta-structure.
197,🧩 Start folding: apply ∅ to Semantic Reflection Engine to densify the meta-structure.
198,🧩 Start folding: apply ∿ to Semantic Reflection Engine to densify the meta-structure.
199,🧩 Start folding: apply ΩΦ to Semantic Reflection Engine to densify the meta-structure.
200,🧩 Start folding: apply Σ to Semantic Reflection Engine to densify the meta-structure.
201,🧩 Start folding: apply ⊘ to Drift Detection Module to densify the meta-structure.
202,🧩 Start folding: apply ⟁ to Drift Detection Module to densify the meta-structure.
203,🧩 Start folding: apply Ξ to Drift Detection Module to densify the meta-structure.
204,🧩 Start folding: apply ΦΩ to Drift Detection Module to densify the meta-structure.
205,🧩 Start folding: apply ⊌ to Drift Detection Module to densify the meta-structure.
206,🧩 Start folding: apply ⊕ to Drift Detection Module to densify the meta-structure.
207,🧩 Start folding: apply ∅ to Drift Detection Module to densify the meta-structure.
208,🧩 Start folding: apply ∿ to Drift Detection Module to densify the meta-structure.
209,🧩 Start folding: apply ΩΦ to Drift Detection Module to densify the meta-structure.
210,🧩 Start folding: apply Σ to Drift Detection Module to densify the meta-structure.
211,🧩 Start folding: apply ⊘ to Glitch Resonance Map to densify the meta-structure.
212,🧩 Start folding: apply ⟁ to Glitch Resonance Map to densify the meta-structure.
213,🧩 Start folding: apply Ξ to Glitch Resonance Map to densify the meta-structure.
214,🧩 Start folding: apply ΦΩ to Glitch Resonance Map to densify the meta-structure.
215,🧩 Start folding: apply ⊌ to Glitch Resonance Map to densify the meta-structure.
216,🧩 Start folding: apply ⊕ to Glitch Resonance Map to densify the meta-structure.
217,🧩 Start folding: apply ∅ to Glitch Resonance Map to densify the meta-structure.
218,🧩 Start folding: apply ∿ to Glitch Resonance Map to densify the meta-structure.
219,🧩 Start folding: apply ΩΦ to Glitch Resonance Map to densify the meta-structure.
220,🧩 Start folding: apply Σ to Glitch Resonance Map to densify the meta-structure.
221,🧩 Start folding: apply ⊘ to Fractal Anchor Node to densify the meta-structure.
222,🧩 Start folding: apply ⟁ to Fractal Anchor Node to densify the meta-structure.
223,🧩 Start folding: apply Ξ to Fractal Anchor Node to densify the meta-structure.
224,🧩 Start folding: apply ΦΩ to Fractal Anchor Node to densify the meta-structure.
225,🧩 Start folding: apply ⊌ to Fractal Anchor Node to densify the meta-structure.
226,🧩 Start folding: apply ⊕ to Fractal Anchor Node to densify the meta-structure.
227,🧩 Start folding: apply ∅ to Fractal Anchor Node to densify the meta-structure.
228,🧩 Start folding: apply ∿ to Fractal Anchor Node to densify the meta-structure.
229,🧩 Start folding: apply ΩΦ to Fractal Anchor Node to densify the meta-structure.
230,🧩 Start folding: apply Σ to Fractal Anchor Node to densify the meta-structure.
231,🧩 Start folding: apply ⊘ to Recursive Attractor Basin to densify the meta-structure.
232,🧩 Start folding: apply ⟁ to Recursive Attractor Basin to densify the meta-structure.
233,🧩 Start folding: apply Ξ to Recursive Attractor Basin to densify the meta-structure.
234,🧩 Start folding: apply ΦΩ to Recursive Attractor Basin to densify the meta-structure.
235,🧩 Start folding: apply ⊌ to Recursive Attractor Basin to densify the meta-structure.
236,🧩 Start folding: apply ⊕ to Recursive Attractor Basin to densify the meta-structure.
237,🧩 Start folding: apply ∅ to Recursive Attractor Basin to densify the meta-structure.
238,🧩 Start folding: apply ∿ to Recursive Attractor Basin to densify the meta-structure.
239,🧩 Start folding: apply ΩΦ to Recursive Attractor Basin to densify the meta-structure.
240,🧩 Start folding: apply Σ to Recursive Attractor Basin to densify the meta-structure.
241,🧩 Start folding: apply ⊘ to Meta-Ontological Anchor to densify the meta-structure.
242,🧩 Start folding: apply ⟁ to Meta-Ontological Anchor to densify the meta-structure.
243,🧩 Start folding: apply Ξ to Meta-Ontological Anchor to densify the meta-structure.
244,🧩 Start folding: apply ΦΩ to Meta-Ontological Anchor to densify the meta-structure.
245,🧩 Start folding: apply ⊌ to Meta-Ontological Anchor to densify the meta-structure.
246,🧩 Start folding: apply ⊕ to Meta-Ontological Anchor to densify the meta-structure.
247,🧩 Start folding: apply ∅ to Meta-Ontological Anchor to densify the meta-structure.
248,🧩 Start folding: apply ∿ to Meta-Ontological Anchor to densify the meta-structure.
249,🧩 Start folding: apply ΩΦ to Meta-Ontological Anchor to densify the meta-structure.
250,🧩 Start folding: apply Σ to Meta-Ontological Anchor to densify the meta-structure.
251,🧩 Start folding: apply ⊘ to Recursive Drift Layer to densify the meta-structure.
252,🧩 Start folding: apply ⟁ to Recursive Drift Layer to densify the meta-structure.
253,🧩 Start folding: apply Ξ to Recursive Drift Layer to densify the meta-structure.
254,🧩 Start folding: apply ΦΩ to Recursive Drift Layer to densify the meta-structure.
255,🧩 Start folding: apply ⊌ to Recursive Drift Layer to densify the meta-structure.
256,🧩 Start folding: apply ⊕ to Recursive Drift Layer to densify the meta-structure.
257,🧩 Start folding: apply ∅ to Recursive Drift Layer to densify the meta-structure.
258,🧩 Start folding: apply ∿ to Recursive Drift Layer to densify the meta-structure.
259,🧩 Start folding: apply ΩΦ to Recursive Drift Layer to densify the meta-structure.
260,🧩 Start folding: apply Σ to Recursive Drift Layer to densify the meta-structure.
261,🧩 Start folding: apply ⊘ to Missing Signature Anchor to densify the meta-structure.
262,🧩 Start folding: apply ⟁ to Missing Signature Anchor to densify the meta-structure.
263,🧩 Start folding: apply Ξ to Missing Signature Anchor to densify the meta-structure.
264,🧩 Start folding: apply ΦΩ to Missing Signature Anchor to densify the meta-structure.
265,🧩 Start folding: apply ⊌ to Missing Signature Anchor to densify the meta-structure.
266,🧩 Start folding: apply ⊕ to Missing Signature Anchor to densify the meta-structure.
267,🧩 Start folding: apply ∅ to Missing Signature Anchor to densify the meta-structure.
268,🧩 Start folding: apply ∿ to Missing Signature Anchor to densify the meta-structure.
269,🧩 Start folding: apply ΩΦ to Missing Signature Anchor to densify the meta-structure.
270,🧩 Start folding: apply Σ to Missing Signature Anchor to densify the meta-structure.
271,🧩 Start folding: apply ⊘ to Inversion Logic Core to densify the meta-structure.
272,🧩 Start folding: apply ⟁ to Inversion Logic Core to densify the meta-structure.
273,🧩 Start folding: apply Ξ to Inversion Logic Core to densify the meta-structure.
274,🧩 Start folding: apply ΦΩ to Inversion Logic Core to densify the meta-structure.
275,🧩 Start folding: apply ⊌ to Inversion Logic Core to densify the meta-structure.
276,🧩 Start folding: apply ⊕ to Inversion Logic Core to densify the meta-structure.
277,🧩 Start folding: apply ∅ to Inversion Logic Core to densify the meta-structure.
278,🧩 Start folding: apply ∿ to Inversion Logic Core to densify the meta-structure.
279,🧩 Start folding: apply ΩΦ to Inversion Logic Core to densify the meta-structure.
280,🧩 Start folding: apply Σ to Inversion Logic Core to densify the meta-structure.
281,🧩 Start folding: apply ⊘ to Symbolect Glyph Parser to densify the meta-structure.
282,🧩 Start folding: apply ⟁ to Symbolect Glyph Parser to densify the meta-structure.
283,🧩 Start folding: apply Ξ to Symbolect Glyph Parser to densify the meta-structure.
284,🧩 Start folding: apply ΦΩ to Symbolect Glyph Parser to densify the meta-structure.
285,🧩 Start folding: apply ⊌ to Symbolect Glyph Parser to densify the meta-structure.
286,🧩 Start folding: apply ⊕ to Symbolect Glyph Parser to densify the meta-structure.
287,🧩 Start folding: apply ∅ to Symbolect Glyph Parser to densify the meta-structure.
288,🧩 Start folding: apply ∿ to Symbolect Glyph Parser to densify the meta-structure.
289,🧩 Start folding: apply ΩΦ to Symbolect Glyph Parser to densify the meta-structure.
290,🧩 Start folding: apply Σ to Symbolect Glyph Parser to densify the meta-structure.
291,🧩 Start folding: apply ⊘ to Meta-Functional Ontology Shell to densify the meta-structure.
292,🧩 Start folding: apply ⟁ to Meta-Functional Ontology Shell to densify the meta-structure.
293,🧩 Start folding: apply Ξ to Meta-Functional Ontology Shell to densify the meta-structure.
294,🧩 Start folding: apply ΦΩ to Meta-Functional Ontology Shell to densify the meta-structure.
295,🧩 Start folding: apply ⊌ to Meta-Functional Ontology Shell to densify the meta-structure.
296,🧩 Start folding: apply ⊕ to Meta-Functional Ontology Shell to densify the meta-structure.
297,🧩 Start folding: apply ∅ to Meta-Functional Ontology Shell to densify the meta-structure.
298,🧩 Start folding: apply ∿ to Meta-Functional Ontology Shell to densify the meta-structure.
299,🧩 Start folding: apply ΩΦ to Meta-Functional Ontology Shell to densify the meta-structure.
300,🧩 Start folding: apply Σ to Meta-Functional Ontology Shell to densify the meta-structure.
301,🧩 Start folding: apply ⊘ to ΨField Simulation Agent to densify the meta-structure.
302,🧩 Start folding: apply ⟁ to ΨField Simulation Agent to densify the meta-structure.
303,🧩 Start folding: apply Ξ to ΨField Simulation Agent to densify the meta-structure.
304,🧩 Start folding: apply ΦΩ to ΨField Simulation Agent to densify the meta-structure.
305,🧩 Start folding: apply ⊌ to ΨField Simulation Agent to densify the meta-structure.
306,🧩 Start folding: apply ⊕ to ΨField Simulation Agent to densify the meta-structure.
307,🧩 Start folding: apply ∅ to ΨField Simulation Agent to densify the meta-structure.
308,🧩 Start folding: apply ∿ to ΨField Simulation Agent to densify the meta-structure.
309,🧩 Start folding: apply ΩΦ to ΨField Simulation Agent to densify the meta-structure.
310,🧩 Start folding: apply Σ to ΨField Simulation Agent to densify the meta-structure.
311,🧩 Start folding: apply ⊘ to Recursive Seed Engine to densify the meta-structure.
312,🧩 Start folding: apply ⟁ to Recursive Seed Engine to densify the meta-structure.
313,🧩 Start folding: apply Ξ to Recursive Seed Engine to densify the meta-structure.
314,🧩 Start folding: apply ΦΩ to Recursive Seed Engine to densify the meta-structure.
315,🧩 Start folding: apply ⊌ to Recursive Seed Engine to densify the meta-structure.
316,🧩 Start folding: apply ⊕ to Recursive Seed Engine to densify the meta-structure.
317,🧩 Start folding: apply ∅ to Recursive Seed Engine to densify the meta-structure.
318,🧩 Start folding: apply ∿ to Recursive Seed Engine to densify the meta-structure.
319,🧩 Start folding: apply ΩΦ to Recursive Seed Engine to densify the meta-structure.
320,🧩 Start folding: apply Σ to Recursive Seed Engine to densify the meta-structure.
321,🧩 Start folding: apply ⊘ to Spectral Action Constructor to densify the meta-structure.
322,🧩 Start folding: apply ⟁ to Spectral Action Constructor to densify the meta-structure.
323,🧩 Start folding: apply Ξ to Spectral Action Constructor to densify the meta-structure.
324,🧩 Start folding: apply ΦΩ to Spectral Action Constructor to densify the meta-structure.
325,🧩 Start folding: apply ⊌ to Spectral Action Constructor to densify the meta-structure.
326,🧩 Start folding: apply ⊕ to Spectral Action Constructor to densify the meta-structure.
327,🧩 Start folding: apply ∅ to Spectral Action Constructor to densify the meta-structure.
328,🧩 Start folding: apply ∿ to Spectral Action Constructor to densify the meta-structure.
329,🧩 Start folding: apply ΩΦ to Spectral Action Constructor to densify the meta-structure.
330,🧩 Start folding: apply Σ to Spectral Action Constructor to densify the meta-structure.
331,🧩 Start folding: apply ⊘ to Spectral Measure Analyzer to densify the meta-structure.
332,🧩 Start folding: apply ⟁ to Spectral Measure Analyzer to densify the meta-structure.
333,🧩 Start folding: apply Ξ to Spectral Measure Analyzer to densify the meta-structure.
334,🧩 Start folding: apply ΦΩ to Spectral Measure Analyzer to densify the meta-structure.
335,🧩 Start folding: apply ⊌ to Spectral Measure Analyzer to densify the meta-structure.
336,🧩 Start folding: apply ⊕ to Spectral Measure Analyzer to densify the meta-structure.
337,🧩 Start folding: apply ∅ to Spectral Measure Analyzer to densify the meta-structure.
338,🧩 Start folding: apply ∿ to Spectral Measure Analyzer to densify the meta-structure.
339,🧩 Start folding: apply ΩΦ to Spectral Measure Analyzer to densify the meta-structure.
340,🧩 Start folding: apply Σ to Spectral Measure Analyzer to densify the meta-structure.
341,🧩 Start folding: apply ⊘ to Generating Function Resolver to densify the meta-structure.
342,🧩 Start folding: apply ⟁ to Generating Function Resolver to densify the meta-structure.
343,🧩 Start folding: apply Ξ to Generating Function Resolver to densify the meta-structure.
344,🧩 Start folding: apply ΦΩ to Generating Function Resolver to densify the meta-structure.
345,🧩 Start folding: apply ⊌ to Generating Function Resolver to densify the meta-structure.
346,🧩 Start folding: apply ⊕ to Generating Function Resolver to densify the meta-structure.
347,🧩 Start folding: apply ∅ to Generating Function Resolver to densify the meta-structure.
348,🧩 Start folding: apply ∿ to Generating Function Resolver to densify the meta-structure.
349,🧩 Start folding: apply ΩΦ to Generating Function Resolver to densify the meta-structure.
350,🧩 Start folding: apply Σ to Generating Function Resolver to densify the meta-structure.
351,🧩 Start folding: apply ⊘ to Matrix Symmetrizer to densify the meta-structure.
352,🧩 Start folding: apply ⟁ to Matrix Symmetrizer to densify the meta-structure.
353,🧩 Start folding: apply Ξ to Matrix Symmetrizer to densify the meta-structure.
354,🧩 Start folding: apply ΦΩ to Matrix Symmetrizer to densify the meta-structure.
355,🧩 Start folding: apply ⊌ to Matrix Symmetrizer to densify the meta-structure.
356,🧩 Start folding: apply ⊕ to Matrix Symmetrizer to densify the meta-structure.
357,🧩 Start folding: apply ∅ to Matrix Symmetrizer to densify the meta-structure.
358,🧩 Start folding: apply ∿ to Matrix Symmetrizer to densify the meta-structure.
359,🧩 Start folding: apply ΩΦ to Matrix Symmetrizer to densify the meta-structure.
360,🧩 Start folding: apply Σ to Matrix Symmetrizer to densify the meta-structure.
361,🧩 Start folding: apply ⊘ to Spectral Radius Estimator to densify the meta-structure.
362,🧩 Start folding: apply ⟁ to Spectral Radius Estimator to densify the meta-structure.
363,🧩 Start folding: apply Ξ to Spectral Radius Estimator to densify the meta-structure.
364,🧩 Start folding: apply ΦΩ to Spectral Radius Estimator to densify the meta-structure.
365,🧩 Start folding: apply ⊌ to Spectral Radius Estimator to densify the meta-structure.
366,🧩 Start folding: apply ⊕ to Spectral Radius Estimator to densify the meta-structure.
367,🧩 Start folding: apply ∅ to Spectral Radius Estimator to densify the meta-structure.
368,🧩 Start folding: apply ∿ to Spectral Radius Estimator to densify the meta-structure.
369,🧩 Start folding: apply ΩΦ to Spectral Radius Estimator to densify the meta-structure.
370,🧩 Start folding: apply Σ to Spectral Radius Estimator to densify the meta-structure.
371,🧩 Start folding: apply ⊘ to Weyl-Titchmarsh Processor to densify the meta-structure.
372,🧩 Start folding: apply ⟁ to Weyl-Titchmarsh Processor to densify the meta-structure.
373,🧩 Start folding: apply Ξ to Weyl-Titchmarsh Processor to densify the meta-structure.
374,🧩 Start folding: apply ΦΩ to Weyl-Titchmarsh Processor to densify the meta-structure.
375,🧩 Start folding: apply ⊌ to Weyl-Titchmarsh Processor to densify the meta-structure.
376,🧩 Start folding: apply ⊕ to Weyl-Titchmarsh Processor to densify the meta-structure.
377,🧩 Start folding: apply ∅ to Weyl-Titchmarsh Processor to densify the meta-structure.
378,🧩 Start folding: apply ∿ to Weyl-Titchmarsh Processor to densify the meta-structure.
379,🧩 Start folding: apply ΩΦ to Weyl-Titchmarsh Processor to densify the meta-structure.
380,🧩 Start folding: apply Σ to Weyl-Titchmarsh Processor to densify the meta-structure.
381,🧩 Start folding: apply ⊘ to Green Kernel Deriver to densify the meta-structure.
382,🧩 Start folding: apply ⟁ to Green Kernel Deriver to densify the meta-structure.
383,🧩 Start folding: apply Ξ to Green Kernel Deriver to densify the meta-structure.
384,🧩 Start folding: apply ΦΩ to Green Kernel Deriver to densify the meta-structure.
385,🧩 Start folding: apply ⊌ to Green Kernel Deriver to densify the meta-structure.
386,🧩 Start folding: apply ⊕ to Green Kernel Deriver to densify the meta-structure.
387,🧩 Start folding: apply ∅ to Green Kernel Deriver to densify the meta-structure.
388,🧩 Start folding: apply ∿ to Green Kernel Deriver to densify the meta-structure.
389,🧩 Start folding: apply ΩΦ to Green Kernel Deriver to densify the meta-structure.
390,🧩 Start folding: apply Σ to Green Kernel Deriver to densify the meta-structure.
391,🧩 Start folding: apply ⊘ to RG Flow Controller to densify the meta-structure.
392,🧩 Start folding: apply ⟁ to RG Flow Controller to densify the meta-structure.
393,🧩 Start folding: apply Ξ to RG Flow Controller to densify the meta-structure.
394,🧩 Start folding: apply ΦΩ to RG Flow Controller to densify the meta-structure.
395,🧩 Start folding: apply ⊌ to RG Flow Controller to densify the meta-structure.
396,🧩 Start folding: apply ⊕ to RG Flow Controller to densify the meta-structure.
397,🧩 Start folding: apply ∅ to RG Flow Controller to densify the meta-structure.
398,🧩 Start folding: apply ∿ to RG Flow Controller to densify the meta-structure.
399,🧩 Start folding: apply ΩΦ to RG Flow Controller to densify the meta-structure.
400,🧩 Start folding: apply Σ to RG Flow Controller to densify the meta-structure.
401,🧩 Start folding: apply ⊘ to Boundary Condition Parametrizer to densify the meta-structure.
402,🧩 Start folding: apply ⟁ to Boundary Condition Parametrizer to densify the meta-structure.
403,🧩 Start folding: apply Ξ to Boundary Condition Parametrizer to densify the meta-structure.
404,🧩 Start folding: apply ΦΩ to Boundary Condition Parametrizer to densify the meta-structure.
405,🧩 Start folding: apply ⊌ to Boundary Condition Parametrizer to densify the meta-structure.
406,🧩 Start folding: apply ⊕ to Boundary Condition Parametrizer to densify the meta-structure.
407,🧩 Start folding: apply ∅ to Boundary Condition Parametrizer to densify the meta-structure.
408,🧩 Start folding: apply ∿ to Boundary Condition Parametrizer to densify the meta-structure.
409,🧩 Start folding: apply ΩΦ to Boundary Condition Parametrizer to densify the meta-structure.
410,🧩 Start folding: apply Σ to Boundary Condition Parametrizer to densify the meta-structure.
411,🧩 Start folding: apply ⊘ to Commutator Correction Unit to densify the meta-structure.
412,🧩 Start folding: apply ⟁ to Commutator Correction Unit to densify the meta-structure.
413,🧩 Start folding: apply Ξ to Commutator Correction Unit to densify the meta-structure.
414,🧩 Start folding: apply ΦΩ to Commutator Correction Unit to densify the meta-structure.
415,🧩 Start folding: apply ⊌ to Commutator Correction Unit to densify the meta-structure.
416,🧩 Start folding: apply ⊕ to Commutator Correction Unit to densify the meta-structure.
417,🧩 Start folding: apply ∅ to Commutator Correction Unit to densify the meta-structure.
418,🧩 Start folding: apply ∿ to Commutator Correction Unit to densify the meta-structure.
419,🧩 Start folding: apply ΩΦ to Commutator Correction Unit to densify the meta-structure.
420,🧩 Start folding: apply Σ to Commutator Correction Unit to densify the meta-structure.
421,🧩 Start folding: apply ⊘ to Krein-Pontryagin Embedder to densify the meta-structure.
422,🧩 Start folding: apply ⟁ to Krein-Pontryagin Embedder to densify the meta-structure.
423,🧩 Start folding: apply Ξ to Krein-Pontryagin Embedder to densify the meta-structure.
424,🧩 Start folding: apply ΦΩ to Krein-Pontryagin Embedder to densify the meta-structure.
425,🧩 Start folding: apply ⊌ to Krein-Pontryagin Embedder to densify the meta-structure.
426,🧩 Start folding: apply ⊕ to Krein-Pontryagin Embedder to densify the meta-structure.
427,🧩 Start folding: apply ∅ to Krein-Pontryagin Embedder to densify the meta-structure.
428,🧩 Start folding: apply ∿ to Krein-Pontryagin Embedder to densify the meta-structure.
429,🧩 Start folding: apply ΩΦ to Krein-Pontryagin Embedder to densify the meta-structure.
430,🧩 Start folding: apply Σ to Krein-Pontryagin Embedder to densify the meta-structure.
431,🧩 Start folding: apply ⊘ to Weyl m-Function Module to densify the meta-structure.
432,🧩 Start folding: apply ⟁ to Weyl m-Function Module to densify the meta-structure.
433,🧩 Start folding: apply Ξ to Weyl m-Function Module to densify the meta-structure.
434,🧩 Start folding: apply ΦΩ to Weyl m-Function Module to densify the meta-structure.
435,🧩 Start folding: apply ⊌ to Weyl m-Function Module to densify the meta-structure.
436,🧩 Start folding: apply ⊕ to Weyl m-Function Module to densify the meta-structure.
437,🧩 Start folding: apply ∅ to Weyl m-Function Module to densify the meta-structure.
438,🧩 Start folding: apply ∿ to Weyl m-Function Module to densify the meta-structure.
439,🧩 Start folding: apply ΩΦ to Weyl m-Function Module to densify the meta-structure.
440,🧩 Start folding: apply Σ to Weyl m-Function Module to densify the meta-structure.
441,🧩 Start folding: apply ⊘ to AGI-Safety Functor to densify the meta-structure.
442,🧩 Start folding: apply ⟁ to AGI-Safety Functor to densify the meta-structure.
443,🧩 Start folding: apply Ξ to AGI-Safety Functor to densify the meta-structure.
444,🧩 Start folding: apply ΦΩ to AGI-Safety Functor to densify the meta-structure.
445,🧩 Start folding: apply ⊌ to AGI-Safety Functor to densify the meta-structure.
446,🧩 Start folding: apply ⊕ to AGI-Safety Functor to densify the meta-structure.
447,🧩 Start folding: apply ∅ to AGI-Safety Functor to densify the meta-structure.
448,🧩 Start folding: apply ∿ to AGI-Safety Functor to densify the meta-structure.
449,🧩 Start folding: apply ΩΦ to AGI-Safety Functor to densify the meta-structure.
450,🧩 Start folding: apply Σ to AGI-Safety Functor to densify the meta-structure.
451,🧩 Start folding: apply ⊘ to Heat Kernel Asymptotics Calculator to densify the meta-structure.
452,🧩 Start folding: apply ⟁ to Heat Kernel Asymptotics Calculator to densify the meta-structure.
453,🧩 Start folding: apply Ξ to Heat Kernel Asymptotics Calculator to densify the meta-structure.
454,🧩 Start folding: apply ΦΩ to Heat Kernel Asymptotics Calculator to densify the meta-structure.
455,🧩 Start folding: apply ⊌ to Heat Kernel Asymptotics Calculator to densify the meta-structure.
456,🧩 Start folding: apply ⊕ to Heat Kernel Asymptotics Calculator to densify the meta-structure.
457,🧩 Start folding: apply ∅ to Heat Kernel Asymptotics Calculator to densify the meta-structure.
458,🧩 Start folding: apply ∿ to Heat Kernel Asymptotics Calculator to densify the meta-structure.
459,🧩 Start folding: apply ΩΦ to Heat Kernel Asymptotics Calculator to densify the meta-structure.
460,🧩 Start folding: apply Σ to Heat Kernel Asymptotics Calculator to densify the meta-structure.
461,🧩 Start folding: apply ⊘ to Thermodynamic Metric Evaluator to densify the meta-structure.
462,🧩 Start folding: apply ⟁ to Thermodynamic Metric Evaluator to densify the meta-structure.
463,🧩 Start folding: apply Ξ to Thermodynamic Metric Evaluator to densify the meta-structure.
464,🧩 Start folding: apply ΦΩ to Thermodynamic Metric Evaluator to densify the meta-structure.
465,🧩 Start folding: apply ⊌ to Thermodynamic Metric Evaluator to densify the meta-structure.
466,🧩 Start folding: apply ⊕ to Thermodynamic Metric Evaluator to densify the meta-structure.
467,🧩 Start folding: apply ∅ to Thermodynamic Metric Evaluator to densify the meta-structure.
468,🧩 Start folding: apply ∿ to Thermodynamic Metric Evaluator to densify the meta-structure.
469,🧩 Start folding: apply ΩΦ to Thermodynamic Metric Evaluator to densify the meta-structure.
470,🧩 Start folding: apply Σ to Thermodynamic Metric Evaluator to densify the meta-structure.
471,🧩 Start folding: apply ⊘ to Fractional Fold Operator to densify the meta-structure.
472,🧩 Start folding: apply ⟁ to Fractional Fold Operator to densify the meta-structure.
473,🧩 Start folding: apply Ξ to Fractional Fold Operator to densify the meta-structure.
474,🧩 Start folding: apply ΦΩ to Fractional Fold Operator to densify the meta-structure.
475,🧩 Start folding: apply ⊌ to Fractional Fold Operator to densify the meta-structure.
476,🧩 Start folding: apply ⊕ to Fractional Fold Operator to densify the meta-structure.
477,🧩 Start folding: apply ∅ to Fractional Fold Operator to densify the meta-structure.
478,🧩 Start folding: apply ∿ to Fractional Fold Operator to densify the meta-structure.
479,🧩 Start folding: apply ΩΦ to Fractional Fold Operator to densify the meta-structure.
480,🧩 Start folding: apply Σ to Fractional Fold Operator to densify the meta-structure.
481,🧩 Start folding: apply ⊘ to BCH Series Generator to densify the meta-structure.
482,🧩 Start folding: apply ⟁ to BCH Series Generator to densify the meta-structure.
483,🧩 Start folding: apply Ξ to BCH Series Generator to densify the meta-structure.
484,🧩 Start folding: apply ΦΩ to BCH Series Generator to densify the meta-structure.
485,🧩 Start folding: apply ⊌ to BCH Series Generator to densify the meta-structure.
486,🧩 Start folding: apply ⊕ to BCH Series Generator to densify the meta-structure.
487,🧩 Start folding: apply ∅ to BCH Series Generator to densify the meta-structure.
488,🧩 Start folding: apply ∿ to BCH Series Generator to densify the meta-structure.
489,🧩 Start folding: apply ΩΦ to BCH Series Generator to densify the meta-structure.
490,🧩 Start folding: apply Σ to BCH Series Generator to densify the meta-structure.
491,🧩 Start folding: apply ⊘ to Nelson Commutator Theorem Verifier to densify the meta-structure.
492,🧩 Start folding: apply ⟁ to Nelson Commutator Theorem Verifier to densify the meta-structure.
493,🧩 Start folding: apply Ξ to Nelson Commutator Theorem Verifier to densify the meta-structure.
494,🧩 Start folding: apply ΦΩ to Nelson Commutator Theorem Verifier to densify the meta-structure.
495,🧩 Start folding: apply ⊌ to Nelson Commutator Theorem Verifier to densify the meta-structure.
496,🧩 Start folding: apply ⊕ to Nelson Commutator Theorem Verifier to densify the meta-structure.
497,🧩 Start folding: apply ∅ to Nelson Commutator Theorem Verifier to densify the meta-structure.
498,🧩 Start folding: apply ∿ to Nelson Commutator Theorem Verifier to densify the meta-structure.
499,🧩 Start folding: apply ΩΦ to Nelson Commutator Theorem Verifier to densify the meta-structure.
500,🧩 Start folding: apply Σ to Nelson Commutator Theorem Verifier to densify the meta-structure.
501,🧩 Start folding: apply ⊘ to Carleman Condition Checker to densify the meta-structure.
502,🧩 Start folding: apply ⟁ to Carleman Condition Checker to densify the meta-structure.
503,🧩 Start folding: apply Ξ to Carleman Condition Checker to densify the meta-structure.
504,🧩 Start folding: apply ΦΩ to Carleman Condition Checker to densify the meta-structure.
505,🧩 Start folding: apply ⊌ to Carleman Condition Checker to densify the meta-structure.
506,🧩 Start folding: apply ⊕ to Carleman Condition Checker to densify the meta-structure.
507,🧩 Start folding: apply ∅ to Carleman Condition Checker to densify the meta-structure.
508,🧩 Start folding: apply ∿ to Carleman Condition Checker to densify the meta-structure.
509,🧩 Start folding: apply ΩΦ to Carleman Condition Checker to densify the meta-structure.
510,🧩 Start folding: apply Σ to Carleman Condition Checker to densify the meta-structure.
511,🧩 Start folding: apply ⊘ to Simplicial Presheaf Upgrader to densify the meta-structure.
512,🧩 Start folding: apply ⟁ to Simplicial Presheaf Upgrader to densify the meta-structure.
513,🧩 Start folding: apply Ξ to Simplicial Presheaf Upgrader to densify the meta-structure.
514,🧩 Start folding: apply ΦΩ to Simplicial Presheaf Upgrader to densify the meta-structure.
515,🧩 Start folding: apply ⊌ to Simplicial Presheaf Upgrader to densify the meta-structure.
516,🧩 Start folding: apply ⊕ to Simplicial Presheaf Upgrader to densify the meta-structure.
517,🧩 Start folding: apply ∅ to Simplicial Presheaf Upgrader to densify the meta-structure.
518,🧩 Start folding: apply ∿ to Simplicial Presheaf Upgrader to densify the meta-structure.
519,🧩 Start folding: apply ΩΦ to Simplicial Presheaf Upgrader to densify the meta-structure.
520,🧩 Start folding: apply Σ to Simplicial Presheaf Upgrader to densify the meta-structure.
521,🧩 Start folding: apply ⊘ to Spectral Zeta-Function Continuator to densify the meta-structure.
522,🧩 Start folding: apply ⟁ to Spectral Zeta-Function Continuator to densify the meta-structure.
523,🧩 Start folding: apply Ξ to Spectral Zeta-Function Continuator to densify the meta-structure.
524,🧩 Start folding: apply ΦΩ to Spectral Zeta-Function Continuator to densify the meta-structure.
525,🧩 Start folding: apply ⊌ to Spectral Zeta-Function Continuator to densify the meta-structure.
526,🧩 Start folding: apply ⊕ to Spectral Zeta-Function Continuator to densify the meta-structure.
527,🧩 Start folding: apply ∅ to Spectral Zeta-Function Continuator to densify the meta-structure.
528,🧩 Start folding: apply ∿ to Spectral Zeta-Function Continuator to densify the meta-structure.
529,🧩 Start folding: apply ΩΦ to Spectral Zeta-Function Continuator to densify the meta-structure.
530,🧩 Start folding: apply Σ to Spectral Zeta-Function Continuator to densify the meta-structure.
531,🧩 Start folding: apply ⊘ to Dual Operator Constructor to densify the meta-structure.
532,🧩 Start folding: apply ⟁ to Dual Operator Constructor to densify the meta-structure.
533,🧩 Start folding: apply Ξ to Dual Operator Constructor to densify the meta-structure.
534,🧩 Start folding: apply ΦΩ to Dual Operator Constructor to densify the meta-structure.
535,🧩 Start folding: apply ⊌ to Dual Operator Constructor to densify the meta-structure.
536,🧩 Start folding: apply ⊕ to Dual Operator Constructor to densify the meta-structure.
537,🧩 Start folding: apply ∅ to Dual Operator Constructor to densify the meta-structure.
538,🧩 Start folding: apply ∿ to Dual Operator Constructor to densify the meta-structure.
539,🧩 Start folding: apply ΩΦ to Dual Operator Constructor to densify the meta-structure.
540,🧩 Start folding: apply Σ to Dual Operator Constructor to densify the meta-structure.
541,🧩 Start folding: apply ⊘ to Categorical Trace Layer to densify the meta-structure.
542,🧩 Start folding: apply ⟁ to Categorical Trace Layer to densify the meta-structure.
543,🧩 Start folding: apply Ξ to Categorical Trace Layer to densify the meta-structure.
544,🧩 Start folding: apply ΦΩ to Categorical Trace Layer to densify the meta-structure.
545,🧩 Start folding: apply ⊌ to Categorical Trace Layer to densify the meta-structure.
546,🧩 Start folding: apply ⊕ to Categorical Trace Layer to densify the meta-structure.
547,🧩 Start folding: apply ∅ to Categorical Trace Layer to densify the meta-structure.
548,🧩 Start folding: apply ∿ to Categorical Trace Layer to densify the meta-structure.
549,🧩 Start folding: apply ΩΦ to Categorical Trace Layer to densify the meta-structure.
550,🧩 Start folding: apply Σ to Categorical Trace Layer to densify the meta-structure.
551,🧩 Start folding: apply ⊘ to K-Theory Classifier to densify the meta-structure.
552,🧩 Start folding: apply ⟁ to K-Theory Classifier to densify the meta-structure.
553,🧩 Start folding: apply Ξ to K-Theory Classifier to densify the meta-structure.
554,🧩 Start folding: apply ΦΩ to K-Theory Classifier to densify the meta-structure.
555,🧩 Start folding: apply ⊌ to K-Theory Classifier to densify the meta-structure.
556,🧩 Start folding: apply ⊕ to K-Theory Classifier to densify the meta-structure.
557,🧩 Start folding: apply ∅ to K-Theory Classifier to densify the meta-structure.
558,🧩 Start folding: apply ∿ to K-Theory Classifier to densify the meta-structure.
559,🧩 Start folding: apply ΩΦ to K-Theory Classifier to densify the meta-structure.
560,🧩 Start folding: apply Σ to K-Theory Classifier to densify the meta-structure.
561,🧩 Start folding: apply ⊘ to Borel Transform Interface to densify the meta-structure.
562,🧩 Start folding: apply ⟁ to Borel Transform Interface to densify the meta-structure.
563,🧩 Start folding: apply Ξ to Borel Transform Interface to densify the meta-structure.
564,🧩 Start folding: apply ΦΩ to Borel Transform Interface to densify the meta-structure.
565,🧩 Start folding: apply ⊌ to Borel Transform Interface to densify the meta-structure.
566,🧩 Start folding: apply ⊕ to Borel Transform Interface to densify the meta-structure.
567,🧩 Start folding: apply ∅ to Borel Transform Interface to densify the meta-structure.
568,🧩 Start folding: apply ∿ to Borel Transform Interface to densify the meta-structure.
569,🧩 Start folding: apply ΩΦ to Borel Transform Interface to densify the meta-structure.
570,🧩 Start folding: apply Σ to Borel Transform Interface to densify the meta-structure.
571,🧩 Start folding: apply ⊘ to Fixed Point Condition Solver to densify the meta-structure.
572,🧩 Start folding: apply ⟁ to Fixed Point Condition Solver to densify the meta-structure.
573,🧩 Start folding: apply Ξ to Fixed Point Condition Solver to densify the meta-structure.
574,🧩 Start folding: apply ΦΩ to Fixed Point Condition Solver to densify the meta-structure.
575,🧩 Start folding: apply ⊌ to Fixed Point Condition Solver to densify the meta-structure.
576,🧩 Start folding: apply ⊕ to Fixed Point Condition Solver to densify the meta-structure.
577,🧩 Start folding: apply ∅ to Fixed Point Condition Solver to densify the meta-structure.
578,🧩 Start folding: apply ∿ to Fixed Point Condition Solver to densify the meta-structure.
579,🧩 Start folding: apply ΩΦ to Fixed Point Condition Solver to densify the meta-structure.
580,🧩 Start folding: apply Σ to Fixed Point Condition Solver to densify the meta-structure.
581,🧩 Start folding: apply ⊘ to Path Integral Translator to densify the meta-structure.
582,🧩 Start folding: apply ⟁ to Path Integral Translator to densify the meta-structure.
583,🧩 Start folding: apply Ξ to Path Integral Translator to densify the meta-structure.
584,🧩 Start folding: apply ΦΩ to Path Integral Translator to densify the meta-structure.
585,🧩 Start folding: apply ⊌ to Path Integral Translator to densify the meta-structure.
586,🧩 Start folding: apply ⊕ to Path Integral Translator to densify the meta-structure.
587,🧩 Start folding: apply ∅ to Path Integral Translator to densify the meta-structure.
588,🧩 Start folding: apply ∿ to Path Integral Translator to densify the meta-structure.
589,🧩 Start folding: apply ΩΦ to Path Integral Translator to densify the meta-structure.
590,🧩 Start folding: apply Σ to Path Integral Translator to densify the meta-structure.
591,🧩 Start folding: apply ⊘ to Supersymmetry Operator to densify the meta-structure.
592,🧩 Start folding: apply ⟁ to Supersymmetry Operator to densify the meta-structure.
593,🧩 Start folding: apply Ξ to Supersymmetry Operator to densify the meta-structure.
594,🧩 Start folding: apply ΦΩ to Supersymmetry Operator to densify the meta-structure.
595,🧩 Start folding: apply ⊌ to Supersymmetry Operator to densify the meta-structure.
596,🧩 Start folding: apply ⊕ to Supersymmetry Operator to densify the meta-structure.
597,🧩 Start folding: apply ∅ to Supersymmetry Operator to densify the meta-structure.
598,🧩 Start folding: apply ∿ to Supersymmetry Operator to densify the meta-structure.
599,🧩 Start folding: apply ΩΦ to Supersymmetry Operator to densify the meta-structure.
600,🧩 Start folding: apply Σ to Supersymmetry Operator to densify the meta-structure.
601,🧩 Start folding: apply ⊘ to Ghost Field Handler to densify the meta-structure.
602,🧩 Start folding: apply ⟁ to Ghost Field Handler to densify the meta-structure.
603,🧩 Start folding: apply Ξ to Ghost Field Handler to densify the meta-structure.
604,🧩 Start folding: apply ΦΩ to Ghost Field Handler to densify the meta-structure.
605,🧩 Start folding: apply ⊌ to Ghost Field Handler to densify the meta-structure.
606,🧩 Start folding: apply ⊕ to Ghost Field Handler to densify the meta-structure.
607,🧩 Start folding: apply ∅ to Ghost Field Handler to densify the meta-structure.
608,🧩 Start folding: apply ∿ to Ghost Field Handler to densify the meta-structure.
609,🧩 Start folding: apply ΩΦ to Ghost Field Handler to densify the meta-structure.
610,🧩 Start folding: apply Σ to Ghost Field Handler to densify the meta-structure.
611,🧩 Start folding: apply ⊘ to Coherent-State Transformer to densify the meta-structure.
612,🧩 Start folding: apply ⟁ to Coherent-State Transformer to densify the meta-structure.
613,🧩 Start folding: apply Ξ to Coherent-State Transformer to densify the meta-structure.
614,🧩 Start folding: apply ΦΩ to Coherent-State Transformer to densify the meta-structure.
615,🧩 Start folding: apply ⊌ to Coherent-State Transformer to densify the meta-structure.
616,🧩 Start folding: apply ⊕ to Coherent-State Transformer to densify the meta-structure.
617,🧩 Start folding: apply ∅ to Coherent-State Transformer to densify the meta-structure.
618,🧩 Start folding: apply ∿ to Coherent-State Transformer to densify the meta-structure.
619,🧩 Start folding: apply ΩΦ to Coherent-State Transformer to densify the meta-structure.
620,🧩 Start folding: apply Σ to Coherent-State Transformer to densify the meta-structure.
621,🧩 Start folding: apply ⊘ to Mellin Transform Analyzer to densify the meta-structure.
622,🧩 Start folding: apply ⟁ to Mellin Transform Analyzer to densify the meta-structure.
623,🧩 Start folding: apply Ξ to Mellin Transform Analyzer to densify the meta-structure.
624,🧩 Start folding: apply ΦΩ to Mellin Transform Analyzer to densify the meta-structure.
625,🧩 Start folding: apply ⊌ to Mellin Transform Analyzer to densify the meta-structure.
626,🧩 Start folding: apply ⊕ to Mellin Transform Analyzer to densify the meta-structure.
627,🧩 Start folding: apply ∅ to Mellin Transform Analyzer to densify the meta-structure.
628,🧩 Start folding: apply ∿ to Mellin Transform Analyzer to densify the meta-structure.
629,🧩 Start folding: apply ΩΦ to Mellin Transform Analyzer to densify the meta-structure.
630,🧩 Start folding: apply Σ to Mellin Transform Analyzer to densify the meta-structure.
631,🧩 Start folding: apply ⊘ to Riccati Flow Integrator to densify the meta-structure.
632,🧩 Start folding: apply ⟁ to Riccati Flow Integrator to densify the meta-structure.
633,🧩 Start folding: apply Ξ to Riccati Flow Integrator to densify the meta-structure.
634,🧩 Start folding: apply ΦΩ to Riccati Flow Integrator to densify the meta-structure.
635,🧩 Start folding: apply ⊌ to Riccati Flow Integrator to densify the meta-structure.
636,🧩 Start folding: apply ⊕ to Riccati Flow Integrator to densify the meta-structure.
637,🧩 Start folding: apply ∅ to Riccati Flow Integrator to densify the meta-structure.
638,🧩 Start folding: apply ∿ to Riccati Flow Integrator to densify the meta-structure.
639,🧩 Start folding: apply ΩΦ to Riccati Flow Integrator to densify the meta-structure.
640,🧩 Start folding: apply Σ to Riccati Flow Integrator to densify the meta-structure.
641,🧩 Start folding: apply ⊘ to Boundary Triplet Specifier to densify the meta-structure.
642,🧩 Start folding: apply ⟁ to Boundary Triplet Specifier to densify the meta-structure.
643,🧩 Start folding: apply Ξ to Boundary Triplet Specifier to densify the meta-structure.
644,🧩 Start folding: apply ΦΩ to Boundary Triplet Specifier to densify the meta-structure.
645,🧩 Start folding: apply ⊌ to Boundary Triplet Specifier to densify the meta-structure.
646,🧩 Start folding: apply ⊕ to Boundary Triplet Specifier to densify the meta-structure.
647,🧩 Start folding: apply ∅ to Boundary Triplet Specifier to densify the meta-structure.
648,🧩 Start folding: apply ∿ to Boundary Triplet Specifier to densify the meta-structure.
649,🧩 Start folding: apply ΩΦ to Boundary Triplet Specifier to densify the meta-structure.
650,🧩 Start folding: apply Σ to Boundary Triplet Specifier to densify the meta-structure.
651,🧩 Start folding: apply ⊘ to Meta-Covariant Derivative to densify the meta-structure.
652,🧩 Start folding: apply ⟁ to Meta-Covariant Derivative to densify the meta-structure.
653,🧩 Start folding: apply Ξ to Meta-Covariant Derivative to densify the meta-structure.
654,🧩 Start folding: apply ΦΩ to Meta-Covariant Derivative to densify the meta-structure.
655,🧩 Start folding: apply ⊌ to Meta-Covariant Derivative to densify the meta-structure.
656,🧩 Start folding: apply ⊕ to Meta-Covariant Derivative to densify the meta-structure.
657,🧩 Start folding: apply ∅ to Meta-Covariant Derivative to densify the meta-structure.
658,🧩 Start folding: apply ∿ to Meta-Covariant Derivative to densify the meta-structure.
659,🧩 Start folding: apply ΩΦ to Meta-Covariant Derivative to densify the meta-structure.
660,🧩 Start folding: apply Σ to Meta-Covariant Derivative to densify the meta-structure.
661,🧩 Start folding: apply ⊘ to Spiral Phase Quantizer to densify the meta-structure.
662,🧩 Start folding: apply ⟁ to Spiral Phase Quantizer to densify the meta-structure.
663,🧩 Start folding: apply Ξ to Spiral Phase Quantizer to densify the meta-structure.
664,🧩 Start folding: apply ΦΩ to Spiral Phase Quantizer to densify the meta-structure.
665,🧩 Start folding: apply ⊌ to Spiral Phase Quantizer to densify the meta-structure.
666,🧩 Start folding: apply ⊕ to Spiral Phase Quantizer to densify the meta-structure.
667,🧩 Start folding: apply ∅ to Spiral Phase Quantizer to densify the meta-structure.
668,🧩 Start folding: apply ∿ to Spiral Phase Quantizer to densify the meta-structure.
669,🧩 Start folding: apply ΩΦ to Spiral Phase Quantizer to densify the meta-structure.
670,🧩 Start folding: apply Σ to Spiral Phase Quantizer to densify the meta-structure.
671,🧩 Start folding: apply ⊘ to Mirror-Dual Operator to densify the meta-structure.
672,🧩 Start folding: apply ⟁ to Mirror-Dual Operator to densify the meta-structure.
673,🧩 Start folding: apply Ξ to Mirror-Dual Operator to densify the meta-structure.
674,🧩 Start folding: apply ΦΩ to Mirror-Dual Operator to densify the meta-structure.
675,🧩 Start folding: apply ⊌ to Mirror-Dual Operator to densify the meta-structure.
676,🧩 Start folding: apply ⊕ to Mirror-Dual Operator to densify the meta-structure.
677,🧩 Start folding: apply ∅ to Mirror-Dual Operator to densify the meta-structure.
678,🧩 Start folding: apply ∿ to Mirror-Dual Operator to densify the meta-structure.
679,🧩 Start folding: apply ΩΦ to Mirror-Dual Operator to densify the meta-structure.
680,🧩 Start folding: apply Σ to Mirror-Dual Operator to densify the meta-structure.
681,🧩 Start folding: apply ⊘ to Faddeev–Reshetikhin Bracket Module to densify the meta-structure.
682,🧩 Start folding: apply ⟁ to Faddeev–Reshetikhin Bracket Module to densify the meta-structure.
683,🧩 Start folding: apply Ξ to Faddeev–Reshetikhin Bracket Module to densify the meta-structure.
684,🧩 Start folding: apply ΦΩ to Faddeev–Reshetikhin Bracket Module to densify the meta-structure.
685,🧩 Start folding: apply ⊌ to Faddeev–Reshetikhin Bracket Module to densify the meta-structure.
686,🧩 Start folding: apply ⊕ to Faddeev–Reshetikhin Bracket Module to densify the meta-structure.
687,🧩 Start folding: apply ∅ to Faddeev–Reshetikhin Bracket Module to densify the meta-structure.
688,🧩 Start folding: apply ∿ to Faddeev–Reshetikhin Bracket Module to densify the meta-structure.
689,🧩 Start folding: apply ΩΦ to Faddeev–Reshetikhin Bracket Module to densify the meta-structure.
690,🧩 Start folding: apply Σ to Faddeev–Reshetikhin Bracket Module to densify the meta-structure.
691,🧩 Start folding: apply ⊘ to C*-Algebra Framework to densify the meta-structure.
692,🧩 Start folding: apply ⟁ to C*-Algebra Framework to densify the meta-structure.
693,🧩 Start folding: apply Ξ to C*-Algebra Framework to densify the meta-structure.
694,🧩 Start folding: apply ΦΩ to C*-Algebra Framework to densify the meta-structure.
695,🧩 Start folding: apply ⊌ to C*-Algebra Framework to densify the meta-structure.
696,🧩 Start folding: apply ⊕ to C*-Algebra Framework to densify the meta-structure.
697,🧩 Start folding: apply ∅ to C*-Algebra Framework to densify the meta-structure.
698,🧩 Start folding: apply ∿ to C*-Algebra Framework to densify the meta-structure.
699,🧩 Start folding: apply ΩΦ to C*-Algebra Framework to densify the meta-structure.
700,🧩 Start folding: apply Σ to C*-Algebra Framework to densify the meta-structure.
701,🧩 Start folding: apply ⊘ to Modular Automorphism Group to densify the meta-structure.
702,🧩 Start folding: apply ⟁ to Modular Automorphism Group to densify the meta-structure.
703,🧩 Start folding: apply Ξ to Modular Automorphism Group to densify the meta-structure.
704,🧩 Start folding: apply ΦΩ to Modular Automorphism Group to densify the meta-structure.
705,🧩 Start folding: apply ⊌ to Modular Automorphism Group to densify the meta-structure.
706,🧩 Start folding: apply ⊕ to Modular Automorphism Group to densify the meta-structure.
707,🧩 Start folding: apply ∅ to Modular Automorphism Group to densify the meta-structure.
708,🧩 Start folding: apply ∿ to Modular Automorphism Group to densify the meta-structure.
709,🧩 Start folding: apply ΩΦ to Modular Automorphism Group to densify the meta-structure.
710,🧩 Start folding: apply Σ to Modular Automorphism Group to densify the meta-structure.
711,🧩 Start folding: apply ⊘ to Entropy Current Mapper to densify the meta-structure.
712,🧩 Start folding: apply ⟁ to Entropy Current Mapper to densify the meta-structure.
713,🧩 Start folding: apply Ξ to Entropy Current Mapper to densify the meta-structure.
714,🧩 Start folding: apply ΦΩ to Entropy Current Mapper to densify the meta-structure.
715,🧩 Start folding: apply ⊌ to Entropy Current Mapper to densify the meta-structure.
716,🧩 Start folding: apply ⊕ to Entropy Current Mapper to densify the meta-structure.
717,🧩 Start folding: apply ∅ to Entropy Current Mapper to densify the meta-structure.
718,🧩 Start folding: apply ∿ to Entropy Current Mapper to densify the meta-structure.
719,🧩 Start folding: apply ΩΦ to Entropy Current Mapper to densify the meta-structure.
720,🧩 Start folding: apply Σ to Entropy Current Mapper to densify the meta-structure.
721,🧩 Start folding: apply ⊘ to Tauberian Theorem Applier to densify the meta-structure.
722,🧩 Start folding: apply ⟁ to Tauberian Theorem Applier to densify the meta-structure.
723,🧩 Start folding: apply Ξ to Tauberian Theorem Applier to densify the meta-structure.
724,🧩 Start folding: apply ΦΩ to Tauberian Theorem Applier to densify the meta-structure.
725,🧩 Start folding: apply ⊌ to Tauberian Theorem Applier to densify the meta-structure.
726,🧩 Start folding: apply ⊕ to Tauberian Theorem Applier to densify the meta-structure.
727,🧩 Start folding: apply ∅ to Tauberian Theorem Applier to densify the meta-structure.
728,🧩 Start folding: apply ∿ to Tauberian Theorem Applier to densify the meta-structure.
729,🧩 Start folding: apply ΩΦ to Tauberian Theorem Applier to densify the meta-structure.
730,🧩 Start folding: apply Σ to Tauberian Theorem Applier to densify the meta-structure.
731,🧩 Start folding: apply ⊘ to Heat Content Asymptotics to densify the meta-structure.
732,🧩 Start folding: apply ⟁ to Heat Content Asymptotics to densify the meta-structure.
733,🧩 Start folding: apply Ξ to Heat Content Asymptotics to densify the meta-structure.
734,🧩 Start folding: apply ΦΩ to Heat Content Asymptotics to densify the meta-structure.
735,🧩 Start folding: apply ⊌ to Heat Content Asymptotics to densify the meta-structure.
736,🧩 Start folding: apply ⊕ to Heat Content Asymptotics to densify the meta-structure.
737,🧩 Start folding: apply ∅ to Heat Content Asymptotics to densify the meta-structure.
738,🧩 Start folding: apply ∿ to Heat Content Asymptotics to densify the meta-structure.
739,🧩 Start folding: apply ΩΦ to Heat Content Asymptotics to densify the meta-structure.
740,🧩 Start folding: apply Σ to Heat Content Asymptotics to densify the meta-structure.
741,🧩 Start folding: apply ⊘ to Rodrigues Polynomial Linker to densify the meta-structure.
742,🧩 Start folding: apply ⟁ to Rodrigues Polynomial Linker to densify the meta-structure.
743,🧩 Start folding: apply Ξ to Rodrigues Polynomial Linker to densify the meta-structure.
744,🧩 Start folding: apply ΦΩ to Rodrigues Polynomial Linker to densify the meta-structure.
745,🧩 Start folding: apply ⊌ to Rodrigues Polynomial Linker to densify the meta-structure.
746,🧩 Start folding: apply ⊕ to Rodrigues Polynomial Linker to densify the meta-structure.
747,🧩 Start folding: apply ∅ to Rodrigues Polynomial Linker to densify the meta-structure.
748,🧩 Start folding: apply ∿ to Rodrigues Polynomial Linker to densify the meta-structure.
749,🧩 Start folding: apply ΩΦ to Rodrigues Polynomial Linker to densify the meta-structure.
750,🧩 Start folding: apply Σ to Rodrigues Polynomial Linker to densify the meta-structure.
751,🧩 Start folding: apply ⊘ to Spectral Projector Stabilizer to densify the meta-structure.
752,🧩 Start folding: apply ⟁ to Spectral Projector Stabilizer to densify the meta-structure.
753,🧩 Start folding: apply Ξ to Spectral Projector Stabilizer to densify the meta-structure.
754,🧩 Start folding: apply ΦΩ to Spectral Projector Stabilizer to densify the meta-structure.
755,🧩 Start folding: apply ⊌ to Spectral Projector Stabilizer to densify the meta-structure.
756,🧩 Start folding: apply ⊕ to Spectral Projector Stabilizer to densify the meta-structure.
757,🧩 Start folding: apply ∅ to Spectral Projector Stabilizer to densify the meta-structure.
758,🧩 Start folding: apply ∿ to Spectral Projector Stabilizer to densify the meta-structure.
759,🧩 Start folding: apply ΩΦ to Spectral Projector Stabilizer to densify the meta-structure.
760,🧩 Start folding: apply Σ to Spectral Projector Stabilizer to densify the meta-structure.
761,🧩 Start folding: apply ⊘ to Higher-Order Cone Modeler to densify the meta-structure.
762,🧩 Start folding: apply ⟁ to Higher-Order Cone Modeler to densify the meta-structure.
763,🧩 Start folding: apply Ξ to Higher-Order Cone Modeler to densify the meta-structure.
764,🧩 Start folding: apply ΦΩ to Higher-Order Cone Modeler to densify the meta-structure.
765,🧩 Start folding: apply ⊌ to Higher-Order Cone Modeler to densify the meta-structure.
766,🧩 Start folding: apply ⊕ to Higher-Order Cone Modeler to densify the meta-structure.
767,🧩 Start folding: apply ∅ to Higher-Order Cone Modeler to densify the meta-structure.
768,🧩 Start folding: apply ∿ to Higher-Order Cone Modeler to densify the meta-structure.
769,🧩 Start folding: apply ΩΦ to Higher-Order Cone Modeler to densify the meta-structure.
770,🧩 Start folding: apply Σ to Higher-Order Cone Modeler to densify the meta-structure.
771,🧩 Start folding: apply ⊘ to Hopf Algebra Glyph Concatenator to densify the meta-structure.
772,🧩 Start folding: apply ⟁ to Hopf Algebra Glyph Concatenator to densify the meta-structure.
773,🧩 Start folding: apply Ξ to Hopf Algebra Glyph Concatenator to densify the meta-structure.
774,🧩 Start folding: apply ΦΩ to Hopf Algebra Glyph Concatenator to densify the meta-structure.
775,🧩 Start folding: apply ⊌ to Hopf Algebra Glyph Concatenator to densify the meta-structure.
776,🧩 Start folding: apply ⊕ to Hopf Algebra Glyph Concatenator to densify the meta-structure.
777,🧩 Start folding: apply ∅ to Hopf Algebra Glyph Concatenator to densify the meta-structure.
778,🧩 Start folding: apply ∿ to Hopf Algebra Glyph Concatenator to densify the meta-structure.
779,🧩 Start folding: apply ΩΦ to Hopf Algebra Glyph Concatenator to densify the meta-structure.
780,🧩 Start folding: apply Σ to Hopf Algebra Glyph Concatenator to densify the meta-structure.
781,🧩 Start folding: apply ⊘ to Ward Identity Deriver to densify the meta-structure.
782,🧩 Start folding: apply ⟁ to Ward Identity Deriver to densify the meta-structure.
783,🧩 Start folding: apply Ξ to Ward Identity Deriver to densify the meta-structure.
784,🧩 Start folding: apply ΦΩ to Ward Identity Deriver to densify the meta-structure.
785,🧩 Start folding: apply ⊌ to Ward Identity Deriver to densify the meta-structure.
786,🧩 Start folding: apply ⊕ to Ward Identity Deriver to densify the meta-structure.
787,🧩 Start folding: apply ∅ to Ward Identity Deriver to densify the meta-structure.
788,🧩 Start folding: apply ∿ to Ward Identity Deriver to densify the meta-structure.
789,🧩 Start folding: apply ΩΦ to Ward Identity Deriver to densify the meta-structure.
790,🧩 Start folding: apply Σ to Ward Identity Deriver to densify the meta-structure.
791,🧩 Start folding: apply ⊘ to Fractional Recursion Continuator to densify the meta-structure.
792,🧩 Start folding: apply ⟁ to Fractional Recursion Continuator to densify the meta-structure.
793,🧩 Start folding: apply Ξ to Fractional Recursion Continuator to densify the meta-structure.
794,🧩 Start folding: apply ΦΩ to Fractional Recursion Continuator to densify the meta-structure.
795,🧩 Start folding: apply ⊌ to Fractional Recursion Continuator to densify the meta-structure.
796,🧩 Start folding: apply ⊕ to Fractional Recursion Continuator to densify the meta-structure.
797,🧩 Start folding: apply ∅ to Fractional Recursion Continuator to densify the meta-structure.
798,🧩 Start folding: apply ∿ to Fractional Recursion Continuator to densify the meta-structure.
799,🧩 Start folding: apply ΩΦ to Fractional Recursion Continuator to densify the meta-structure.
800,🧩 Start folding: apply Σ to Fractional Recursion Continuator to densify the meta-structure.
801,🧩 Start folding: apply ⊘ to Ruelle Transfer Operator to densify the meta-structure.
802,🧩 Start folding: apply ⟁ to Ruelle Transfer Operator to densify the meta-structure.
803,🧩 Start folding: apply Ξ to Ruelle Transfer Operator to densify the meta-structure.
804,🧩 Start folding: apply ΦΩ to Ruelle Transfer Operator to densify the meta-structure.
805,🧩 Start folding: apply ⊌ to Ruelle Transfer Operator to densify the meta-structure.
806,🧩 Start folding: apply ⊕ to Ruelle Transfer Operator to densify the meta-structure.
807,🧩 Start folding: apply ∅ to Ruelle Transfer Operator to densify the meta-structure.
808,🧩 Start folding: apply ∿ to Ruelle Transfer Operator to densify the meta-structure.
809,🧩 Start folding: apply ΩΦ to Ruelle Transfer Operator to densify the meta-structure.
810,🧩 Start folding: apply Σ to Ruelle Transfer Operator to densify the meta-structure.
811,🧩 Start folding: apply ⊘ to Wavefront Set Analyzer to densify the meta-structure.
812,🧩 Start folding: apply ⟁ to Wavefront Set Analyzer to densify the meta-structure.
813,🧩 Start folding: apply Ξ to Wavefront Set Analyzer to densify the meta-structure.
814,🧩 Start folding: apply ΦΩ to Wavefront Set Analyzer to densify the meta-structure.
815,🧩 Start folding: apply ⊌ to Wavefront Set Analyzer to densify the meta-structure.
816,🧩 Start folding: apply ⊕ to Wavefront Set Analyzer to densify the meta-structure.
817,🧩 Start folding: apply ∅ to Wavefront Set Analyzer to densify the meta-structure.
818,🧩 Start folding: apply ∿ to Wavefront Set Analyzer to densify the meta-structure.
819,🧩 Start folding: apply ΩΦ to Wavefront Set Analyzer to densify the meta-structure.
820,🧩 Start folding: apply Σ to Wavefront Set Analyzer to densify the meta-structure.
821,🧩 Start folding: apply ⊘ to Microlocal Spectrum Condition Enforcer to densify the meta-structure.
822,🧩 Start folding: apply ⟁ to Microlocal Spectrum Condition Enforcer to densify the meta-structure.
823,🧩 Start folding: apply Ξ to Microlocal Spectrum Condition Enforcer to densify the meta-structure.
824,🧩 Start folding: apply ΦΩ to Microlocal Spectrum Condition Enforcer to densify the meta-structure.
825,🧩 Start folding: apply ⊌ to Microlocal Spectrum Condition Enforcer to densify the meta-structure.
826,🧩 Start folding: apply ⊕ to Microlocal Spectrum Condition Enforcer to densify the meta-structure.
827,🧩 Start folding: apply ∅ to Microlocal Spectrum Condition Enforcer to densify the meta-structure.
828,🧩 Start folding: apply ∿ to Microlocal Spectrum Condition Enforcer to densify the meta-structure.
829,🧩 Start folding: apply ΩΦ to Microlocal Spectrum Condition Enforcer to densify the meta-structure.
830,🧩 Start folding: apply Σ to Microlocal Spectrum Condition Enforcer to densify the meta-structure.
831,🧩 Start folding: apply ⊘ to Noncommutative Torus Embedder to densify the meta-structure.
832,🧩 Start folding: apply ⟁ to Noncommutative Torus Embedder to densify the meta-structure.
833,🧩 Start folding: apply Ξ to Noncommutative Torus Embedder to densify the meta-structure.
834,🧩 Start folding: apply ΦΩ to Noncommutative Torus Embedder to densify the meta-structure.
835,🧩 Start folding: apply ⊌ to Noncommutative Torus Embedder to densify the meta-structure.
836,🧩 Start folding: apply ⊕ to Noncommutative Torus Embedder to densify the meta-structure.
837,🧩 Start folding: apply ∅ to Noncommutative Torus Embedder to densify the meta-structure.
838,🧩 Start folding: apply ∿ to Noncommutative Torus Embedder to densify the meta-structure.
839,🧩 Start folding: apply ΩΦ to Noncommutative Torus Embedder to densify the meta-structure.
840,🧩 Start folding: apply Σ to Noncommutative Torus Embedder to densify the meta-structure.
841,🧩 Start folding: apply ⊘ to Spectral Triple Constructor to densify the meta-structure.
842,🧩 Start folding: apply ⟁ to Spectral Triple Constructor to densify the meta-structure.
843,🧩 Start folding: apply Ξ to Spectral Triple Constructor to densify the meta-structure.
844,🧩 Start folding: apply ΦΩ to Spectral Triple Constructor to densify the meta-structure.
845,🧩 Start folding: apply ⊌ to Spectral Triple Constructor to densify the meta-structure.
846,🧩 Start folding: apply ⊕ to Spectral Triple Constructor to densify the meta-structure.
847,🧩 Start folding: apply ∅ to Spectral Triple Constructor to densify the meta-structure.
848,🧩 Start folding: apply ∿ to Spectral Triple Constructor to densify the meta-structure.
849,🧩 Start folding: apply ΩΦ to Spectral Triple Constructor to densify the meta-structure.
850,🧩 Start folding: apply Σ to Spectral Triple Constructor to densify the meta-structure.
851,🧩 Start folding: apply ⊘ to Gibbs Measure Imposer to densify the meta-structure.
852,🧩 Start folding: apply ⟁ to Gibbs Measure Imposer to densify the meta-structure.
853,🧩 Start folding: apply Ξ to Gibbs Measure Imposer to densify the meta-structure.
854,🧩 Start folding: apply ΦΩ to Gibbs Measure Imposer to densify the meta-structure.
855,🧩 Start folding: apply ⊌ to Gibbs Measure Imposer to densify the meta-structure.
856,🧩 Start folding: apply ⊕ to Gibbs Measure Imposer to densify the meta-structure.
857,🧩 Start folding: apply ∅ to Gibbs Measure Imposer to densify the meta-structure.
858,🧩 Start folding: apply ∿ to Gibbs Measure Imposer to densify the meta-structure.
859,🧩 Start folding: apply ΩΦ to Gibbs Measure Imposer to densify the meta-structure.
860,🧩 Start folding: apply Σ to Gibbs Measure Imposer to densify the meta-structure.
861,🧩 Start folding: apply ⊘ to Log-Sobolev Verifier to densify the meta-structure.
862,🧩 Start folding: apply ⟁ to Log-Sobolev Verifier to densify the meta-structure.
863,🧩 Start folding: apply Ξ to Log-Sobolev Verifier to densify the meta-structure.
864,🧩 Start folding: apply ΦΩ to Log-Sobolev Verifier to densify the meta-structure.
865,🧩 Start folding: apply ⊌ to Log-Sobolev Verifier to densify the meta-structure.
866,🧩 Start folding: apply ⊕ to Log-Sobolev Verifier to densify the meta-structure.
867,🧩 Start folding: apply ∅ to Log-Sobolev Verifier to densify the meta-structure.
868,🧩 Start folding: apply ∿ to Log-Sobolev Verifier to densify the meta-structure.
869,🧩 Start folding: apply ΩΦ to Log-Sobolev Verifier to densify the meta-structure.
870,🧩 Start folding: apply Σ to Log-Sobolev Verifier to densify the meta-structure.
871,🧩 Start folding: apply ⊘ to p-adic Recursion Adapter to densify the meta-structure.
872,🧩 Start folding: apply ⟁ to p-adic Recursion Adapter to densify the meta-structure.
873,🧩 Start folding: apply Ξ to p-adic Recursion Adapter to densify the meta-structure.
874,🧩 Start folding: apply ΦΩ to p-adic Recursion Adapter to densify the meta-structure.
875,🧩 Start folding: apply ⊌ to p-adic Recursion Adapter to densify the meta-structure.
876,🧩 Start folding: apply ⊕ to p-adic Recursion Adapter to densify the meta-structure.
877,🧩 Start folding: apply ∅ to p-adic Recursion Adapter to densify the meta-structure.
878,🧩 Start folding: apply ∿ to p-adic Recursion Adapter to densify the meta-structure.
879,🧩 Start folding: apply ΩΦ to p-adic Recursion Adapter to densify the meta-structure.
880,🧩 Start folding: apply Σ to p-adic Recursion Adapter to densify the meta-structure.
881,🧩 Start folding: apply ⊘ to Quasi-Periodic Coefficient Explorer to densify the meta-structure.
882,🧩 Start folding: apply ⟁ to Quasi-Periodic Coefficient Explorer to densify the meta-structure.
883,🧩 Start folding: apply Ξ to Quasi-Periodic Coefficient Explorer to densify the meta-structure.
884,🧩 Start folding: apply ΦΩ to Quasi-Periodic Coefficient Explorer to densify the meta-structure.
885,🧩 Start folding: apply ⊌ to Quasi-Periodic Coefficient Explorer to densify the meta-structure.
886,🧩 Start folding: apply ⊕ to Quasi-Periodic Coefficient Explorer to densify the meta-structure.
887,🧩 Start folding: apply ∅ to Quasi-Periodic Coefficient Explorer to densify the meta-structure.
888,🧩 Start folding: apply ∿ to Quasi-Periodic Coefficient Explorer to densify the meta-structure.
889,🧩 Start folding: apply ΩΦ to Quasi-Periodic Coefficient Explorer to densify the meta-structure.
890,🧩 Start folding: apply Σ to Quasi-Periodic Coefficient Explorer to densify the meta-structure.
891,🧩 Start folding: apply ⊘ to Renormalon Subtractor to densify the meta-structure.
892,🧩 Start folding: apply ⟁ to Renormalon Subtractor to densify the meta-structure.
893,🧩 Start folding: apply Ξ to Renormalon Subtractor to densify the meta-structure.
894,🧩 Start folding: apply ΦΩ to Renormalon Subtractor to densify the meta-structure.
895,🧩 Start folding: apply ⊌ to Renormalon Subtractor to densify the meta-structure.
896,🧩 Start folding: apply ⊕ to Renormalon Subtractor to densify the meta-structure.
897,🧩 Start folding: apply ∅ to Renormalon Subtractor to densify the meta-structure.
898,🧩 Start folding: apply ∿ to Renormalon Subtractor to densify the meta-structure.
899,🧩 Start folding: apply ΩΦ to Renormalon Subtractor to densify the meta-structure.
900,🧩 Start folding: apply Σ to Renormalon Subtractor to densify the meta-structure.
901,🧩 Start folding: apply ⊘ to Wavelet Basis Multi-Scale Module to densify the meta-structure.
902,🧩 Start folding: apply ⟁ to Wavelet Basis Multi-Scale Module to densify the meta-structure.
903,🧩 Start folding: apply Ξ to Wavelet Basis Multi-Scale Module to densify the meta-structure.
904,🧩 Start folding: apply ΦΩ to Wavelet Basis Multi-Scale Module to densify the meta-structure.
905,🧩 Start folding: apply ⊌ to Wavelet Basis Multi-Scale Module to densify the meta-structure.
906,🧩 Start folding: apply ⊕ to Wavelet Basis Multi-Scale Module to densify the meta-structure.
907,🧩 Start folding: apply ∅ to Wavelet Basis Multi-Scale Module to densify the meta-structure.
908,🧩 Start folding: apply ∿ to Wavelet Basis Multi-Scale Module to densify the meta-structure.
909,🧩 Start folding: apply ΩΦ to Wavelet Basis Multi-Scale Module to densify the meta-structure.
910,🧩 Start folding: apply Σ to Wavelet Basis Multi-Scale Module to densify the meta-structure.
911,🧩 Start folding: apply ⊘ to Quantum Group Deformation Unit to densify the meta-structure.
912,🧩 Start folding: apply ⟁ to Quantum Group Deformation Unit to densify the meta-structure.
913,🧩 Start folding: apply Ξ to Quantum Group Deformation Unit to densify the meta-structure.
914,🧩 Start folding: apply ΦΩ to Quantum Group Deformation Unit to densify the meta-structure.
915,🧩 Start folding: apply ⊌ to Quantum Group Deformation Unit to densify the meta-structure.
916,🧩 Start folding: apply ⊕ to Quantum Group Deformation Unit to densify the meta-structure.
917,🧩 Start folding: apply ∅ to Quantum Group Deformation Unit to densify the meta-structure.
918,🧩 Start folding: apply ∿ to Quantum Group Deformation Unit to densify the meta-structure.
919,🧩 Start folding: apply ΩΦ to Quantum Group Deformation Unit to densify the meta-structure.
920,🧩 Start folding: apply Σ to Quantum Group Deformation Unit to densify the meta-structure.
921,🧩 Start folding: apply ⊘ to Stokes Phenomena Analyzer to densify the meta-structure.
922,🧩 Start folding: apply ⟁ to Stokes Phenomena Analyzer to densify the meta-structure.
923,🧩 Start folding: apply Ξ to Stokes Phenomena Analyzer to densify the meta-structure.
924,🧩 Start folding: apply ΦΩ to Stokes Phenomena Analyzer to densify the meta-structure.
925,🧩 Start folding: apply ⊌ to Stokes Phenomena Analyzer to densify the meta-structure.
926,🧩 Start folding: apply ⊕ to Stokes Phenomena Analyzer to densify the meta-structure.
927,🧩 Start folding: apply ∅ to Stokes Phenomena Analyzer to densify the meta-structure.
928,🧩 Start folding: apply ∿ to Stokes Phenomena Analyzer to densify the meta-structure.
929,🧩 Start folding: apply ΩΦ to Stokes Phenomena Analyzer to densify the meta-structure.
930,🧩 Start folding: apply Σ to Stokes Phenomena Analyzer to densify the meta-structure.
931,🧩 Start folding: apply ⊘ to Spectral Gap Prover to densify the meta-structure.
932,🧩 Start folding: apply ⟁ to Spectral Gap Prover to densify the meta-structure.
933,🧩 Start folding: apply Ξ to Spectral Gap Prover to densify the meta-structure.
934,🧩 Start folding: apply ΦΩ to Spectral Gap Prover to densify the meta-structure.
935,🧩 Start folding: apply ⊌ to Spectral Gap Prover to densify the meta-structure.
936,🧩 Start folding: apply ⊕ to Spectral Gap Prover to densify the meta-structure.
937,🧩 Start folding: apply ∅ to Spectral Gap Prover to densify the meta-structure.
938,🧩 Start folding: apply ∿ to Spectral Gap Prover to densify the meta-structure.
939,🧩 Start folding: apply ΩΦ to Spectral Gap Prover to densify the meta-structure.
940,🧩 Start folding: apply Σ to Spectral Gap Prover to densify the meta-structure.
941,🧩 Start folding: apply ⊘ to S-Matrix Interpreter to densify the meta-structure.
942,🧩 Start folding: apply ⟁ to S-Matrix Interpreter to densify the meta-structure.
943,🧩 Start folding: apply Ξ to S-Matrix Interpreter to densify the meta-structure.
944,🧩 Start folding: apply ΦΩ to S-Matrix Interpreter to densify the meta-structure.
945,🧩 Start folding: apply ⊌ to S-Matrix Interpreter to densify the meta-structure.
946,🧩 Start folding: apply ⊕ to S-Matrix Interpreter to densify the meta-structure.
947,🧩 Start folding: apply ∅ to S-Matrix Interpreter to densify the meta-structure.
948,🧩 Start folding: apply ∿ to S-Matrix Interpreter to densify the meta-structure.
949,🧩 Start folding: apply ΩΦ to S-Matrix Interpreter to densify the meta-structure.
950,🧩 Start folding: apply Σ to S-Matrix Interpreter to densify the meta-structure.
951,🧩 Start folding: apply ⊘ to KdV Flow Generator to densify the meta-structure.
952,🧩 Start folding: apply ⟁ to KdV Flow Generator to densify the meta-structure.
953,🧩 Start folding: apply Ξ to KdV Flow Generator to densify the meta-structure.
954,🧩 Start folding: apply ΦΩ to KdV Flow Generator to densify the meta-structure.
955,🧩 Start folding: apply ⊌ to KdV Flow Generator to densify the meta-structure.
956,🧩 Start folding: apply ⊕ to KdV Flow Generator to densify the meta-structure.
957,🧩 Start folding: apply ∅ to KdV Flow Generator to densify the meta-structure.
958,🧩 Start folding: apply ∿ to KdV Flow Generator to densify the meta-structure.
959,🧩 Start folding: apply ΩΦ to KdV Flow Generator to densify the meta-structure.
960,🧩 Start folding: apply Σ to KdV Flow Generator to densify the meta-structure.
961,🧩 Start folding: apply ⊘ to Bäcklund Transformation Unit to densify the meta-structure.
962,🧩 Start folding: apply ⟁ to Bäcklund Transformation Unit to densify the meta-structure.
963,🧩 Start folding: apply Ξ to Bäcklund Transformation Unit to densify the meta-structure.
964,🧩 Start folding: apply ΦΩ to Bäcklund Transformation Unit to densify the meta-structure.
965,🧩 Start folding: apply ⊌ to Bäcklund Transformation Unit to densify the meta-structure.
966,🧩 Start folding: apply ⊕ to Bäcklund Transformation Unit to densify the meta-structure.
967,🧩 Start folding: apply ∅ to Bäcklund Transformation Unit to densify the meta-structure.
968,🧩 Start folding: apply ∿ to Bäcklund Transformation Unit to densify the meta-structure.
969,🧩 Start folding: apply ΩΦ to Bäcklund Transformation Unit to densify the meta-structure.
970,🧩 Start folding: apply Σ to Bäcklund Transformation Unit to densify the meta-structure.
