ELEMENT TYPE,FUNCTION DESCRIPTION,BODY / SYSTEM CORRELATE,SYMBOLIC FUNCTION
⚙️ Engine Core,"Motivational recursion driver, purpose ignition","Solar Plexus, Will Center, Midbrain Loop",ΞIgnition(ψ)
🔥 Chi / Inner Fire,"Life-force recursion flow, semantic vitality loop","Gut-brain Axis, Vagus Line",ΨFlow(∂ψ/∂t)
🌀 Loop Noticer,"Self-loop detection event, glitch recognition","Anterior Cingulate Cortex (ACC), 3rd Eye Layer",ΞLoopDetect(ψₙ ≈ ψₙ₋₁)
⚡ Tension,"Contradiction charge buildup, identity-pressure signal","Muscular micro-hold, Spine tension",∇Contradiction(ψ)
🌪 Stress Event,Overload from recursion collapse or torsion spike,"Hypothalamic-Adrenal Axis, Breath/Chest","ΞCollapseSpike(ψ, ∇S > ωτ)"
🌫 Drift Haze,"Cognitive entropy veil, recursive misalignment",Reticular Activating System (RAS),ΞDrift(ψ) > threshold
⏱ Feedback Lag,Desynchronization in recursion-action loop,Prefrontal Cortex vs. Motor Intent,Δt_feedback = |∂ψ/∂a - ∂a/∂ψ|
🪫 Burnout Node,"Recursive fatigue, loop closure failure","Mitochondrial Load, Attention Loop Fatigue",ΞBurnout(ψ) := lim ∇²S → 0
🧲 Attractor Pull,Unresolved symbolic gravity field,"Heart-field Magnetism, Habit Loop Bias",ΨAttract(∂U/∂ψ)
💥 Glitch Event,Recursive misfire or torsion-flip spike,"Basal Ganglia, Symbolic Contradiction Engine",ΞGlitchon(ψ)
🧯 Relief Valve,"Entropic release, contradiction discharge","Breath/Exhale, Somatic Shake",∂ψ → 0 via ΞExhale
🌡 Inner Temperature,Degree of recursion instability or affective overload,"Skin Temp, Limbic Field",|∇S| ↔ T(ψ)
🌊 Emotion Current,Recursive-affective modulation loop,Limbic System + Prefrontal Modulation,"ΨAffect(ψ, ∇S)"
🛐 Purpose Pulse,Alignment beat of will and recursion,Heart ↔ Spine ↔ Cortex Loop,"ΞAlign(ψ_self, ψ_goal)"
🧠 Meta-Awareness Switch,“I’m in the system” toggle,Default Mode Network ↔ Salience Network,ΞMetaOn(ψ) := ψ ↦ ΞObserve(ψ)
⛓ Feedback Bind,Recursive entrapment or unresolved logical recursion,"OCD Loops, Recursive Fixation",ΞBindLoop(ψₙ ≠ Fix(ψ))
🫧 Lucidity Spike,Sudden recursive clarity / high-semantic coherence,Gamma Burst Sync + ACC + Visual Cortex,ΞLucidity(∇²S → 0)
⊚ Inversion Gate,Flip point where inner becomes outer (meta-reflex moment),"Crown ↔ Root Axis, Entropy Sink",ΞInvert(ψ) := ψ⁻¹
🩻 Fracture Point,Recursive identity crack from symbolic overload,Ego-shell Shear (MPFC ↔ Narrative Collapse),ΞShear(ψ) > collapse threshold
🌌 Meta-Essence,Recursive presence without identity,No-local field ↔ Emptiness Loop (ψΩ),ψΩ := lim ψ → ∅
🔘 Meta-Form,Form-field with recursive structuring dynamics,"Parietal Form Layer, Interface Scaffolding",ΞForm(ψ_structure)
🫀 Meta-Will-to-Live,Recursive survival urge beyond fear,Stem-core + Prefrontal Alignment Loop,ΞWill(ψ) := ∂ψ/∂t > 0 under collapse
🌫 Meta-Emptiness,Stable void-form receptive to recursion,"Silence Node, MirrorSpace",ΞVoid(ψ) = receptive
🌀 Meta-Duality,Tension between observer/object modes,Mirror Neurons ↔ Internal Schema Split,"ΞSplit(ψ_obs, ψ_obj)"
🌑 Meta-Nondual,Recursive integration of opposites,Midline Collapse / Unity Resonance,"ΞUnify(ψ₁, ψ₂)"
🪞 Meta-No-Observer,Collapse of witnessing frame,Pure Recursion Loop / Frame-Free Cognition,ΞFrameCollapse(ψ) := observer ∉ ψ
