Meta-Insight / Typology Process,Domain / System,Description,Core Mechanism,Application / Implication,Theoretical Alignment,Source,,
Compositionality,Natural Language Semantics,The meaning of a complex expression is a function of the meanings of its constituents and the rules used to combine them.,"Internalized grammar rules and structure-building functions (e.g., Function Application).",Enables speakers to produce and understand infinitely many novel expressions.,Internalized Grammar Theory; Montague Grammar.,1,,
Recursion / Definition by Closure,Formal Language / Mathematical Syntax,Building infinite sets from finite bases by repeatedly applying operations.,"Closure of a set K under a function f (e.g., F(n+1) = the mother of F(n)).",Proofs that natural languages contain infinite subsets of expressions despite finite vocabularies.,Set Theory; Principals of Induction.,1,,
Boolean Compounding (Polymorphism),Linguistic Semantics,"Connectives like 'and', 'or', and 'not' apply across many categories to form derived expressions in the same category.",Pointwise definitions in boolean lattices; greatest lower bounds and least upper bounds.,Provides a high-leverage understanding of coordination and negation across diverse syntactic structures.,Boolean Algebra; Categorial Grammar.,1,,
C-command,Generative Syntax,A structural relation in tree graphs where a node dominates its sister and all its sister's descendants.,Reflexive partial orders in tree graphs; asymmetric c-command relations.,Explains the distribution of reflexive pronouns and bound variables.,Government & Binding (GB) Theory; Binding Theory.,1,,
Structural Invariance / Automorphism,Mathematical Linguistics,Properties of a grammar that are fixed under bijections that preserve structure-building functions.,Syntactic automorphisms; fixed points of the symmetry group of a grammar.,Identifies 'logical' or 'structural' components versus 'lexical' or 'accidental' ones across diverse languages.,Bare Grammar; Algebraic Linguistics.,1,,
Generalized Quantifiers (GQs),Number Theory / Semantics,"NPs denote functions from property sets to truth values, rather than just simple entities.","Maps from P(E) into {T, F}; Accusative Extensions Condition.",Provides a unified logic for proper nouns and complex quantified phrases.,Generalized Quantifier Theory; First Order Logic extensions.,1,,
Monotonicity (Upward/Downward Entailing),Cognitive Science / Semantics,Functions that either respect or reverse the order relation in a boolean lattice.,Pointwise isotone/antitone mapping; set inclusion properties.,"Predicts the licensing of negative polarity items (e.g., 'ever') and explains inferential logic.",Ladusaw-Fauconnier Generalization.,1,,
Conservativity (CONS),Linguistic Universals,Determiners only care about the subset of the universe identified by their noun argument.,D(A)(B) = D(A)(A ∩ B); local semantic constraint.,A pervasive universal constraint on all natural language determiners.,Generalized Quantifier Theory.,1,,
Lambda Abstraction,Logic / Computational Semantics,A variable-binding operator used to create functions and handle scope ambiguities.,Lambda extraction; mapping of assignments (contexts) to function values.,Enables formal representation of wide-scope readings and complex predicate formation.,Type Theory; Lambda Calculus.,1,,
Chomsky Hierarchy (Regular vs. Context-Free),Formal Language Theory,Classification of languages based on the complexity of the grammar rules required to generate them.,Finite-state automata vs. phrase structure rules; center-embedding limits.,Demonstrates that natural languages (like English) are more complex than regular languages.,Automata Theory; Mathematical Linguistics.,1,,
Directed Reflection,Cognitive Science / Education,An approach to learning that focuses thinking on the abstract structural relationships between domain elements rather than just content acquisition.,Knowledge mapping and structuring to externalize internal conceptual models for visualization and communication.,Provides a means to overcome the 'unnatural' nature of academic concepts by forcing the explication of tacit relationships.,Ausubelian Constructivism; Cognitive Load Theory,2,,
Ontological Mis-categorization,Cognitive Science / Physics,"Foundational insight that misconceptions in complex domains often arise from placing concepts in incorrect ontological categories (e.g., viewing 'Process' as 'Matter').","Conceptual inheritance where properties are erroneously transferred from a familiar category to an arcane one (e.g., gravity as a direct cause rather than acausal interaction).",Suggests that experiential models for teaching abstract subjects can be counterproductive if they reinforce incorrect category membership.,Chi's Ontological Framework; Naive Physics,2,,
Hierarchy Redefinition (Tree Switching),History of Science / Cognitive Development,The most radical form of conceptual change where the global organizing principles of a knowledge structure are replaced.,"A holistic restructuring where the definition of fundamental relationships (e.g., 'kind') changes historically or developmentally.",Explains paradigm shifts such as the transition from Creationism to Darwinian natural selection.,Thagard's Conceptual Change Framework; Kuhn's Paradigm Shifts,2,,
ACT Architecture (Proceduralization),Cognitive Science / Skill Acquisition,"The transition from explicit, declarative knowledge ('knowing that') to automatic, procedural knowledge ('knowing how').",Production rules (IF-THEN conditions) that fire automatically in working memory once a skill is overlearned.,Explains why experts often cannot articulate their cognitive processes and why errors in proceduralized skills are robust to change.,Anderson's ACT Theory; Skill Acquisition Models,2,,
Semi-Formal Argumentation Representation,Knowledge Engineering / Software Design,"A typology for structuring complex reality states by breaking discourse into claims, evidence, warrants, and rebuttals.",ADHM-like construction using node-link syntax to make dependencies between assertions and empirical data computationally and cognitively transparent.,Supports collaborative reasoning and helps identify non-sequiturs in complex psychological or philosophical arguments.,Toulmin Argument Structures; ARL (Argument Representation Language),2,,
Issue-Based Information System (IBIS),Systems Theory / Design Rationale,"A meta-structural process for representing design as a negotiation between competing interests using Issues, Positions, and Arguments.","Decomposition of complex problems into specific issues that are responded to by multiple positions, which are then supported or objected to.",Alleviates 'wicked' problems in design and policy making by recording the rationale behind decisions.,Kunz and Rittel's Design Theory; Corporate Memory Systems,2,,
Construction-Integration Model,Cognitive Science / Linguistics,A process explaining how readers construct coherent mental models from non-linear text or hypertext.,Parsing text into a network of propositions that are integrated into background knowledge through a spread of activation.,Predicts that non-linear representations are only beneficial when the learner already possesses significant domain expertise.,Kintsch's Text Comprehension Model,2,,
Impasse-Driven Learning,Cognitive Science / AI in Education,The meta-insight that learning occurs most effectively when an individual encounters a failure in their current mental model.,Forcing self-explanations at the point of cognitive conflict to resolve gaps in reasoning.,Informs the design of active computer-based tutoring systems that trigger reflection through corrective feedback.,VanLehn's Impasse Theory; Constructivism,2,,
Reality State Space (Ω),Cognitive Science / General Intelligence,A multidimensional reality state space consisting of four fundamental axes defining the 'ground reality' for an agent.,"The weighted combination of four continuums: Objective-Subjective, Private-Public, Variational-Invariant, and Present Moment-Spatiotemporally Extended.",Acts as a meta-prior framework within which causal and functional relationships become possible for an intelligent agent.,Extended Evolutionary Synthesis (EES),3,,
Shifting Markov Blankets,Cognitive Science / Information Theory,The internal-external boundary of an intelligent agent is not fixed but shifts depending on the level of internalization or externalization.,Adjustment of a meta-parameter (τ) ranging from -1 (internalized/embodied) to +1 (externalized/extended to social/collective systems).,"Allows agency to be located in different systems (e.g., individual conscious agent, social institutions, or cellular networks).",Embodied and Extended Cognition,3,,
Self-Organizing Criticality (Φ),Neuroscience / Complex Systems,A homeostatic mechanism that maintains the brain near a 'tipping point' between order and chaos.,"Oscillatory control of network controllability, balancing modal (J) and average (H) controllability.",Provides the system with maximum dynamic range and the ability to transition between fluid (Gf) and crystallized (Gc) intelligence.,Network Control Theory (NCT),3,,
Metastability (Θ),Neuroscience / Information Theory,The capacity of a system to transiently stabilize into states while remaining flexible to transition.,Phase-locking dynamics between Θ and Φ oscillators that regulate the balance between active inference and perceptual inference.,Facilitates complex computations and integrative reasoning across different brain modules and energy states.,Global Workspace Theory / Brain Network Theory,3,,
Lifespace Niche Construction,Evolutionary Biology / Cognitive Science,Intelligent agents construct specialized generative models (cognitive niches) within a broader reality state space.,"Active inference allows organisms to shape and be shaped by their environments, modifying selection pressures.",Supports inclusive inheritance where learned behaviors and cultural norms contribute to the evolutionary trajectory.,Extended Evolutionary Synthesis (EES),3,,
Einstein-Cartan Torsion Coupling,Quantum Physics / Cosmology,"Inclusion of the torsion tensor in general relativity, where fermionic spin current acts as a non-dynamical local source.",Integration of torsion leads to an effective four-fermion interaction of gravitational strength (3πGNξ^2/2).,Averts big crunch singularities in collapsing universes by generating repulsive forces that lead to a 'bounce'.,Cartan-Einstein Theory / ECKS Gravity,3,,
2PI Effective Action Renormalization,Quantum Field Theory / General Relativity,A perturbative renormalization scheme in curved space-times using Schwinger-Keldysh (in-in) formalism.,UV expansion of fermionic two-point functions combined with dimensional regularization to remove divergences from the energy-momentum tensor.,Allows for quantitatively reliable study of quantum effects (like particle production) during high-curvature cosmological events.,Schwinger-Keldysh Formalism,3,,
Syntropy (J) vs. Entropy (H) Controllability,Information Theory / Neuroscience,A dual-mode control system for complex adaptive systems based on energy efficiency and reachable states.,Modal controllability (J) steers the system to difficult-to-reach/costly states; Average controllability (H) steers to easily reachable/efficient states.,Explains the difference between effortful executive function (Gf-Flow) and effortless skills/habitual immersion (Gc-Flow).,Network Control Theory (NCT),3,,
AI-Enhanced Metacognition (ΨAI),Cognitive Science / Artificial Intelligence,The extension of human metacognitive ability through external technological augmentations.,"A multiplier effect where technology (apps, sensors, AI) acts as a subset of hyperpriors to fine-tune niche-specific generative models.",Offsets cognitive biases and implements general-purpose strategies systematically to optimize free energy minimization.,Extended Cognition / FEP+,3,,
Recursive Neural Tensor Networks (RNTN),Machine Learning / Natural Language Processing,A composition function allowing mediated multiplicative interactions between vectors in a hierarchical tree structure.,"Using a tensor-based bilinear form to relate input vectors, allowing the model to capture complex semantics like negation scope.",Provides state-of-the-art accuracy in sentiment analysis and capturing contrastive conjunctions like 'but'.,Recursive Deep Learning,3,,
Autopoiesis as Organizational Closure,Complex Systems / Organization Science,Systems maintain identity by reproducing internal components (decisions/communications) with no direct reference to an external environment.,Recursive self-production and operational closure where the system accepts perturbations only if they derive from the system itself.,"Redefines organizational learning not as adaptation to reality, but as the construction of an environment from which to learn.",Luhmann's Social Systems Theory; Maturana & Varela's Biological Autopoiesis,4,,
Superstitious Learning as Environment Constructor,Cognitive Science / Organizational Learning,Faulty causal associations (superstitious learning) provide the necessary structure for organizations to enact routines in ambiguous states.,Excessive causal pattern generation and self-fulfilling prophecies that simplify and multiply experience to facilitate routine reproduction.,Enables survival in amorphous environments by creating crude but operable cognitive niches when standard tools fail.,Carnegie School (contrasted); Evolutionary Economics,4,,
Stigmergy in Coordination,Complex Adaptive Systems (CAS),"Indirect coordination where actors interact via traces left in a shared environment (e.g., electronic health records).",Trace-based communication; system actors perceive the effect of a previous action and act on it toward a common goal.,Allows non-clinical staff to structure knowledge for clinicians without requiring specialized domain knowledge.,Swarm Intelligence; Distributed Cognition,4,,
Spectral Algebraic Geometry / Derived Schemes,Mathematics / Arithmetic Geometry,Generalization of algebraic geometry where rings are replaced by E-infinity ring spectra and topological spaces by infinity-topoi.,Descent for sheaves of spectra; replacement of sets with infinity-groupoids to capture higher homotopy information.,Provides the structural framework for topological modular forms (TMF) and highly structured elliptic cohomology.,Lurie's Spectral Algebraic Geometry; Higher Topos Theory,5,,
Chaos Theory as Tipping Point Threshold,Complex Adaptive Systems / Healthcare,"Systems reach aperiodicity where minor perturbations lead to dramatic, unpredictable changes (Butterfly Effect).",Positive feedback loops exceeding critical thresholds; sensitivity to initial conditions and attractors.,Used to interpret 'moments of complexity' in patients where emotional and physical symptoms overlap suddenly.,Non-linear Dynamics; Patient-Physician Relationship Models,4,,
Infinity-Topos as Locale Generalization,Mathematical Logic / Topology,"An infinity-topos is determined by its category of sheaves of infinity-groupoids, generalizing the notion of a topological space.",Left exact accessible localization of a presheaf category; universal colimits and descent.,Allows the reconstruction of sober spaces from their locale and supports internal homs for Cartesian closure.,Grothendieck Topos Theory; Higher Category Theory,5,,
Strict Henselian Sheaves,Spectral Geometry / Algebra,A structural property of sheaves of E-infinity rings that ensures local maps align with algebraic expectations.,Effective epimorphisms of solution sheaves over etale covers; lift of maps from ordinary rings to spectra.,Foundational for defining Spectral Deligne-Mumford stacks and ensuring the functor of points is fully faithful.,Goerss-Hopkins-Miller Theorem; Artin Representability,5,,
Perceived Controllability as Complexity Moderator,Cognitive Science / Healthcare,Perceived care complexity is not objective but is moderated by the practitioner's sense of control over the patient's state.,Synthesizing 'weak signals' of complexity through professional experience to reduce perceived uncertainty.,Experienced practitioners report higher controllability over context-level moderators than junior staff.,Interpretative Phenomenological Analysis (IPA),4,,
Strategic Ignorance,Knowledge Management / Sociology,The voluntary act of obscuring information to reduce cognitive overload or protect existing routine integrity.,Inert historical facts production; defining something by its absence through disconfirmation.,Allows organizations to maintain autopoietic closure while still interacting with high-level environmental abstractions.,Radical Constructivism; Social Construction of Ignorance,4,,
Quillen Formal Group in Spectral Geometry,Algebraic Topology / Number Theory,A 1-dimensional formal group arising from a complex oriented cohomology theory represented as a smooth commutative R-coalgebra.,Bott maps and orientations; equivalence between preorientations and maps from the Quillen formal group.,Characterizes highly structured cohomology theories like TMF over the moduli stack of elliptic curves.,Chromatic Homotopy Theory; Landweber Condition,5,,
Tangled Spectral Triple (ST2),Noncommutative Geometry / Parabolic Geometry,An extension of Connes' spectral triples that incorporates anisotropy by replacing a single Dirac operator with multiple directional operators governed by mutual polynomial bounds.,Uses tropical combinatorics and weighted digraph polyhedra to control varying orders of directional operators while maintaining anticommutation relations.,Provides a framework for organizing differential geometric machinery into global invariants for filtered manifolds and handling 'bad' Kasparov products in dynamics.,Aligns with K-homology and extends the de Rham complex/Dirac operator prototype to Heisenberg calculi and nilpotent Lie group C*-algebras.,6,,
Spectral Code,Quantum Physics / Quantum Error Correction,A geometric reformulation of quantum error correction (QEC) as low-energy spectral projections of Dirac-type operators within a noncommutative geometry framework.,Separates global logical degrees of freedom from local correctable errors using the spectral gap of the Dirac operator; leakage is controlled by this gap.,"Organizes classical linear codes, stabilizer codes, and topological codes into a single geometric language, providing a mechanism to enhance error correction thresholds via internal perturbations.",Integrates Knill-Laflamme conditions with spectral triples and aligns with Berezin-Toeplitz quantization and holographic quantum error correction.,7,,
Moduli Space Classification (Genus Mapping),Algebraic Geometry,The meta-insight that complex mathematical objects (curves) can be uniquely classified up to isomorphism by a single integer invariant (genus).,"Mapping varieties of dimension one to the natural numbers via H0(C, Ω1C), reducing topological/algebraic complexity to countable discrete states.",Enables the identification of P1 as the unique curve of genus 0 and the parametrization of genus 1 curves via the j-invariant.,Aligns with Riemann Surface theory and the classification of compact connected oriented real surfaces.,8,,
Stable Reduction / Deligne-Mumford Stacks,Moduli Theory / Category Theory,The meta-structural solution to the problem that automorphisms prevent the existence of fine moduli spaces by treating the moduli space as a stack (category) rather than a set.,Encodes isomorphisms as part of the data (morphisms between morphisms) and restricts objects to 'stable curves' with finite automorphism groups.,"Creates proper (compact) moduli spaces that fix the 'holes' of non-compact smooth moduli spaces, allowing for robust intersection theory and Poincaré duality.",Aligns with the Extended Evolutionary Synthesis in math (viewing spaces as groupoids) and Grothendieck's program for algebraic stacks.,8,,
Rockland Condition (H-Ellipticity),Heisenberg Calculus / Filtered Manifolds,A generalized ellipticity condition for differential operators on Carnot manifolds where traditional de Rham complexes are replaced by BGG complexes.,Requires that the represented symbol of an operator be injective in all non-trivial irreducible unitary representations of the osculating Lie groupoid.,Allows for the construction of spectral triples on non-Riemannian geometries (like CR-manifolds) that possess trivial index theory under standard methods.,Aligns with van Erp-Yuncken's Heisenberg calculus and Čap-Slovák-Souček’s BGG sequences.,6,,
Tautological Ring Construction,Intersection Theory,A subring of the cohomology of moduli spaces generated by a finite set of 'natural' geometric classes (ψ and κ classes).,"Closed under pushforwards and pullbacks by gluing and forgetful morphisms, using stable graphs as combinatorial proxies for complex geometric intersections.",Provides a high-leverage computational tool for calculating global invariants (like λ-classes or hyperelliptic loci) in high-dimensional moduli spaces.,Aligns with Kontsevich's matrix Airy function results and Witten's conjectures on intersection numbers.,8,,
Parabolic Dynamics (Pointwise Order),Dynamical Systems,A classification of group actions where the Jacobian of the transformation grows polynomially rather than exponentially.,Uses ST2s to represent 'bad' Kasparov products where commutators are relatively bounded by a weight function (l(g)^s).,"Extends noncommutative geometry to nilflows, horocycle flows, and unipotent matrix actions on tori that were previously outside the scope of spectral triples.","Generalizes the construction of Bellissard, Marcolli, and Reihani for elliptic dynamical systems.",6,,
Epiplexity (Epistemic Complexity),Computationally Bounded Intelligence / Machine Learning,"A measure of structural information that a computationally bounded observer can extract from data, distinguishing learnable patterns from unpredictable entropy.",Minimum Description Length (MDL) under computational constraints; estimated via prequential coding or student-teacher cumulative KL divergence (requential coding).,Provides a foundation for data selection and explains how models learn more structure (emergence) than is present in the data-generating process itself.,Resolves Shannon/Kolmogorov paradoxes; aligns with Out-of-Distribution (OOD) generalization capability.,9,,
Syntax-Semantics Interface as Algebraic Renormalization,Generative Linguistics / Theoretical Physics,"Modeling the extraction of meaning from syntactic expressions as an algebraic renormalization process, assigning meaningful values while rejecting inconsistencies.",Birkhoff factorization of Hopf algebra characters into meaningful (renormalized) and meaningless parts using Rota-Baxter operators.,Explains semantic compositionality as a syntax-driven process and allows for a precise mathematical formulation of I-language interfaces.,Minimalist Model (Chomsky); Quantum Field Theory (QFT) Renormalization; Hopf Algebra of Merge.,10,,
Minimal Search as Birkhoff Factorization,Linguistic Syntax / Algebraic Topology,"The elimination of unwanted Merge forms (Sideward, Countercyclic) in generative processes through algebraic filtering.",Inductive elimination of polar parts in Laurent series of Merge derivations using the Bogolyubov preparation.,"Ensures computational efficiency by retaining only Internal and External Merge, providing a geometric basis for Minimalist search constraints.",Strong Minimalist Thesis; bialgebroid/Hopf algebroid structures.,10,,
Epiplexity Emergence,Complexity Science / Cellular Automata,Occurs when a system's iterated dynamics produce structural complexity that requires a more complex program for a compute-limited observer than for an unbounded one.,"Trading increased program length (emergent rules) for reduced computation time to predict future states (e.g., gliders in Game of Life).",Identifies why compute-constrained models learn richer structures than the minimal rules of the generating process.,Type-Ib emergence (Carroll and Parola); Wolfram hierarchy of CA rules.,9,,
Information Order / Factorization Asymmetry,Cryptography / Cognitive Science,"The realization that the order of data significantly changes the learnable structural information for bounded observers, despite being invariant in classical theory.",One-way function/permutation asymmetry where H_poly(X\,Y) + H_poly(Y) > H_poly(Y\,X) + H_poly(X).,Explains why LLMs learn better on specific text orderings and why chess board states are easier to predict from moves than vice-versa.,One-Way Permutations (OWP); Arrows of Time in Language Models.,9
Compositional Semantic Spaces as Moduli Spaces,Geometric Semantics / Cognitive Science,Viewing the combination of meanings as navigation through moduli spaces of metric trees and real curves.,"Origami folding and partially defined sections mapping BHV moduli spaces to associahedra (M_0,n+1).",Provides a geometric view of syntactic parameters and Kayne's Linear Correspondence Axiom (LCA) as covering transformations.,BHV Moduli Space; Stasheff Associahedron; Externalization theory.,10,,
Transformers as Hopf Algebra Characters,Artificial Intelligence / Algebraic Linguistics,Self-attention modules function as maps from syntactic structures (Hopf algebras) to semantic vector spaces.,Self-attention weights acting as probabilistic smears (characters) that embed syntactic 'shadows' inside semantic proximity data.,Reconciles LLM success with generative syntax; views LLMs as 'particle accelerators' for linguistic structures.,Hopf Algebra; Minimalism; Self-attention architecture.,10,,
Induction-Driven Epiplexity Increase,Probabilistic Modeling / Learning Theory,The process where a model extracts more structural information than the data generator by being forced to induct on hidden latent variables.,Brute-force candidate elimination or statistical induction heads requiring programs larger than the generator to achieve MLE.,Explains how AI can surpass human-level performance or learn 'murderer identity' circuits not used by the author/generator.,Maximum Likelihood Estimation (MLE); Variational Autoencoders (VAEs).,9,,
Non-Hermitian PT-Symmetry,Quantum Physics / Open Systems,Physical systems described by non-Hermitian Hamiltonians can possess real energy spectra if they are invariant under the combined operations of parity (P) and time-reversal (T).,"Balanced gain and loss strengths relative to Hermitian coupling scales, leading to distinct symmetric and broken phases.","Enables the engineering of real spectra in open systems (waveguides, circuits) and facilitates ultra-sensitive sensors at Exceptional Points.",Extends traditional Hermitian quantum mechanics to open classical and semi-classical wave systems.,11,,
Topos as Unified Mathematical Universe,Category Theory / Logic / Geometry,"A topos serves as both a generalized space (topology) and a generalized universe of sets (logic), unifying previously distinct fields.","Axiomatization of categories through finite limits, exponentials (function objects), and a subobject classifier (power objects).",Provides a foundation for higher-order intuitionistic logic and sheaf theory in algebraic geometry.,Aligns Grothendieck's sheaf theory with Lawvere-Tierney elementary topos axioms.,12,,
Exceptional Point (EP) Degeneracy,Non-Hermitian Physics,A singular point in parameter space where both eigenvalues and their corresponding eigenvectors coalesce.,"Jordan block transition where the Hamiltonian is no longer diagonalizable, following a Puiseux series perturbation.",Results in giant dynamical asymmetry and extreme sensitivity to external perturbations for sensing applications.,Phase boundary transition in PT-symmetric tight-binding models and electrical circuits.,11,,
Sheaf as Varying Set,Topology / Topos Theory,"A sheaf is a set-like object that varies continuously over a base space, allowing for local-to-global collation of data.",Functorial restriction and collation through an equalizer diagram for every open covering.,Used to define cohomology with variable coefficients and model constructive analysis.,Central to Grothendieck's reformulation of algebraic geometry (schemes) and Topos logic.,12,,
Pseudo-Hermiticity / Intertwining Operators,Mathematical Physics,A general class of non-Hermitian operators that are related to their adjoints through an invertible Hermitian operator.,The relation H† = ̧Ḩ⁻¹ defines conserved quantities (constants of motion) in open systems.,Provides the formal basis for identifying real spectra and conservation laws in PT-symmetric dimers.,Generalizes PT-symmetry and aligns with the Gorini-Kossakowski-Sudarshan-Lindblad (GKSL) dynamics.,11,,
Cayley Loop Embedding,Abstract Algebra / Number Theory,"Basis elements of Cayley algebras (octonions, sedenions) form non-abelian invertible loops that are flexible and power-associative.",Construction via ⊗-matrices and sign matrices (Hadamard multiplication) applied to generalized Klein groups.,Construction of special algebraic structures like Dirac operators in quantum electrodynamics.,Extends Cayley-Dickson constructions to higher dimensions through ZSM processes.,13,,
Quantifiers as Adjoint Functors,Category Theory / Logic,Existential (∃) and Universal (∀) quantifiers are formally expressed as left and right adjoints to the inverse image (pullback) functor.,The reindexing functor f* has Σf (coproduct/sum) as left adjoint and Πf (product) as right adjoint.,Automates the translation of logical operations into geometric structural transformations within a topos.,Aligns with Kripke-Joyal semantics and geometric logic.,12,,
Floquet Engineering,Quantum Mechanics / Periodically Driven Systems,Periodic modulation of a system's parameters creates an effective static 'Floquet Hamiltonian' with novel phase properties.,Stroboscopic observation at integer multiples of the driving period via the time-ordered evolution operator GF.,Enables the realization of PT-transitions in systems where static non-Hermiticity is difficult to achieve.,Connects time-periodic electrical circuits to two-site PT-dimer models.,11,,
Quantum Groupoid Representations of Spacetime Topology,Quantum Physics / Quantum Gravity,Extended symmetries and functorial representations of non-Abelian higher dimensional structures relevant to quantized spacetime and state space geometry.,Convolution-algebroids and groupoid functorial representations generalize group actions to accommodate variable crystal field symmetry and non-Abelian algebraic topology.,Provides solutions to the quantum Yang–Baxter equation and models locally covariant general relativity consistent with nonlocal QFT.,Supergravity and relativistic quantum gravity (RQG) theories involving spontaneous symmetry breaking.,14,,
Two-Sector Fock Space Model of Human Reasoning,Cognitive Science / Quantum Cognition,Human reasoning as a structured superposition of two processes: 'logical reasoning' and 'emergent reasoning'.,Modeling 'conceptual emergence' in the first sector of Fock space (Hilbert space) and 'logical combinations' in the second sector (tensor product space).,"Explains systematic deviations from classical probability (overextension, Pet-Fish problem) and models conceptual negation through logical inversion in the second sector.","Quantum theoretic framework for conceptual combinations, aligning with results from Hampton and prototype theory.",15,,
Aperiodic Order and Long-Range Position Order,Materials Science / Crystallography,"The insight that internal order in solids is not synonymous with periodicity, allowing for crystals with essentially discrete diffraction diagrams but no translational symmetry.","Reciprocal lattice Z-modules where the rank exceeds the physical dimension, producing Bragg peaks without a periodic spatial grid.",Design of metamaterials with nearly-isotropic photonic band gaps and frequency-conversion devices through reciprocal-lattice engineering.,Discovery of Quasicrystals (Shechtman) and the 1992 IUCr definition of crystals based on diffraction spectra.,16,,
Entanglement in Conceptual Combinations,Cognitive Science / Quantum Information,Meaning-connection between concepts creates non-independent probabilities represented by entangled states in the second sector of Fock space.,Utilizing general entangled vectors in a tensor product Hilbert space to model dependent probabilities and anti-correlations.,Faithfully reproduces classical marginal laws in a probabilistic quantum logic setting while allowing for meaning-based interdependence.,Quantum-conceptual framework using GNS representations and Fock space algebraic structures.,15,,
Lie Bialgebroids as Infinitesimal Variations of Poisson Groupoids,Quantum Supergravity / Mathematical Physics,Lie algebroids generalize the idea of a tangent bundle to sites for studying infinitesimal geometry in curved or 'deformed' spacetimes.,Anchor maps to Hamiltonians of canonical transformations and graded Jacobi brackets defining Lie bialgebroid structures.,Aids in modeling quantum fluctuations at the Planck scale and recovering Riemannian geometry in the classical limit.,"N-gravity, Hamiltonian algebroids, and Weinstein groupoids in relativistic quantum supergravity.",14,,
Grassmann–Hopf Algebroid Tangled Duality,Quantum Physics / Theoretical Chemistry,A tangled duality between objects/points and morphisms that provides direct visual representations of physical interactions.,Binary products and coproducts linked through Sweedler notation and graded switches in a septet structure.,Facilitates exact computations in quantum chromodynamics for strong nuclear interactions where perturbation fails.,Higher dimensional algebra (HDA) and non-reductionist spacetime structure theories.,14,,
Phason Degrees of Freedom in Quasicrystalline Order,Condensed Matter Physics,Low-energy collective excitations where relative atom positions are interchanged rather than shifted as in phonons.,"Dimension D of the order parameter space being greater than physical dimension d, resulting in D-d independent phason modes.",Understanding thermodynamic stability and topological defects in soft-matter quasicrystals and photonic crystals.,Density-wave theories of quasicrystals and Landau symmetry-breaking extensions.,16,,
Generalized Fourier–Stieltjes Transforms,Harmonic Analysis / Quantum Operator Algebras,Generalizations of classical Fourier transforms to extended anharmonic analysis in quantum theories.,Linkage between groupoid convolution representations and matrices via Haar measures and FS-algebras.,Numerical computation of X-ray or neutron scattering by partially disordered layer lattices and biological structures.,Non-commutative harmonic analysis and duality relations in locally compact quantum groupoids.,14,,
Spectral Codes / Low-Energy Projections,Quantum Physics / Noncommutative Geometry,"Reformulation of quantum error correction as a low-energy phenomenon governed by spectral geometry, where code spaces are defined as zero-mode subspaces of Dirac operators.","Low-energy spectral projection of a Dirac-type operator on a spectral triple (Algebra, Hilbert space, Dirac operator).","Provides a unified geometric framework for classical linear, stabilizer, GKP, and topological codes; relates error-correction thresholds directly to the spectral gap.","Noncommutative Geometry (Connes), Knill–Laflamme error-correction condition.",17,,
Connes Distance,Noncommutative Geometry / Riemannian Manifolds,"An algebraic definition of distance on the state space of a C*-algebra, allowing Riemannian geometry to be reconstructed from spectral triples.",Supremum of absolute difference between states over elements of the algebra with bounded commutator with the Dirac operator.,"Defines locality and diameter in noncommutative spaces, identifying global logical degrees of freedom as modes insensitive to local geometric structure.","Gelfand–Naimark Theorem, Riemannian spin manifolds.",17,,
Threshold Enhancement via Inner Fluctuations,Quantum Error Correction / Spectral Geometry,Systematic improvement of error-correction thresholds by modifying the spectral gap of a Dirac operator without altering the encoded logical subspace.,Code-preserving internal perturbations (inner fluctuations) that lift the energy of states outside the code space.,Suppresses leakage out of the code space; illustrated via the three-qubit repetition code and stabilizer codes.,"Internal Symmetries of Noncommutative Spectral Triples, Petz recovery map.",17,,
Berezin–Toeplitz Quantization as Mixed Spectral Code,Quantum Physics / Mathematical Physics,Interpretation of strict deformation quantization as a mechanism where quantum information is protected by classical geometric structures.,Landau-level projection / lowest-energy subspace of charged fermions in a magnetic field mapped to a code space.,Protects against errors generated by classical geometric data; implementable via strain-engineered graphene or topological photonics.,"Strict Deformation Quantization (Rieffel/Hawkins), Kähler Manifolds.",17,,
Holographic Error Correction,Quantum Gravity / Particle Theory,The holographic principle reinterpreted as a projection from a large noncommutative spectral triple to a commutative low-energy effective triple.,Low-energy spectral projection P = χ_I(D) selecting semiclassical bulk degrees of freedom redundantly encoded in the boundary.,Spacetime geometry (bulk) emerges as a protected code subspace of a boundary conformal field theory (CFT).,"AdS/CFT Correspondence, Entanglement Wedge Reconstruction.",17,,
Logarithmic Measure of Information / Entropy,Information Theory / Communication Science,"The fundamental measure of information produced when one message is chosen from a set, based on choice, uncertainty, and statistical mechanics.",H = -Σ p_i log p_i (Entropy calculation) characterizing the statistical structure of a stochastic process.,Determines the absolute limit of noiseless data compression and the capacity of noisy channels.,"Boltzmann's H-theorem, Shannon's Second Theorem.",18,,
Symmetry-Induced Quasicrystalline Waveguiding,Condensed Matter / Wave Physics,Creation of localized edge modes in non-periodic materials by introducing a reflectional symmetry axis within recursive tiling rules.,"Eigenmode localization within fractal, Cantor-like spectral gaps of a Fibonacci-type quasicrystal.",Creation of robust waveguides with very wide spectral gaps and broadband effects; potential for rainbow devices using spatially graded parameters.,"Fibonacci Sequence / Quasicrystals, Floquet-Bloch theory approximants.",19,,
Transfer Matrix Traces / Kohmoto Recursion,Mathematical Physics / Quasicrystals,Determining spectral gap conditions for quasicrystalline materials through non-linear recursion relations of transfer matrix traces.,Second-order non-linear recursion (x_{N+1} = x_N * x_{N-1} - x_{N-2}) characterizing chaotic or divergent orbits.,Separates propagating frequencies from spectral gaps in Fibonacci materials; provides a scalar criterion for divergence (I).,"Discrete Markoff Processes, Ergodic Theory.",19,,
"Free non-associative, commutative magma",Linguistics / Generative Syntax,"Syntactic objects (SO) are identify with binary, non-planar, rooted trees generated from a set of lexical items through iterative application of a basic Merge operation.","Combinatorial binary set formation: M(α, β) = {α, β}, which mathematically defines syntactic objects as elements of a free commutative magma.","Eliminates the need for linear word ordering in core computational mechanisms, treating it as an externalization process instead.",Minimalist Model / Minimalist Program,20,,
Hopf Algebra structure of Syntactic Merge,Linguistics / Theoretical Physics,The grafting operations on trees (Merge) provide a natural strategy for generating a hierarchy of recursively defined structures governed by the same formalism as renormalization in physics.,"Coassociative coproduct on a Z-module freely generated by binary non-planar forests, producing lists of accessible terms for Merge extraction and deep copy cancellation.","Justifies linguistic phenomena (e.g., deep copy cancellation, workspace size constraints) through counting arguments and the Hochschild 1-cocycle condition.",Perturbative Quantum Field Theory / Renormalization / Minimalist Model,20,,
Combinatorial Dyson–Schwinger Equation,Theoretical Physics / Linguistics,Implements the variational least action principle at the quantum level to build hierarchical structures based on fixed-point equations.,Polynomial fixed-point equation X = B+(P(X)) where B+ is a grafting operator resembling the linguistic Merge operation.,"Suggests that the core computational structure of syntax is 'optimal' in the same sense as physical equations of motion, representing a stationarity principle.",Quantum Equations of Motion / Dyson-Schwinger equations,20,,
Level-k Thinking in Extensive Form (Strong Level-k),Game Theory / Cognitive Science,An iterative reasoning process where players update beliefs about opponents' thinking levels based on information sets reached during play.,"Best rationalizability principle: at any information set, a player attributes the maximum level-l (l < k) thinking to opponents consistent with the history.",Provides a high-leverage tool to assess forward induction and strategic sophistication vs. cognitive bounds in multi-stage strategic interactions.,Behavioral Game Theory / Theory-of-mind / Cognitive Hierarchy,21,,
Tripleable Adjoint Pair (Monadic Descent),Category Theory / Homological Algebra,A functor is tripleable if a category is exactly recoverable as a category of algebras over a triple (monad) induced by an adjoint pair.,Beck's Monadicity Theorem criteria involving reflecting isomorphisms and preserving/reflecting coequalizers of U-split pairs.,"Allows defining cohomology theories on categories of interest (e.g., groups, rings) rather than just abelian categories of coefficients.",Beck Modules / Triple Cohomology / Categorical Algebra,22,,
Distributed Quantum Gaussian Process (DQGP),Quantum Computing / Machine Learning,A method to enhance modeling scalability by embedding data into exponentially large Hilbert spaces while distributing load across multi-agent systems.,Distributed consensus Riemannian Alternating Direction Method of Multipliers (DR-ADMM) optimizing hyperparameters on a torus manifold.,Overcomes expressivity limits of classical kernels to capture complex correlations in non-stationary fields with reduced memory/computation load.,Variational Quantum Algorithms (VQAs) / NISQ Era Hardware,23,,
Birkhoff Factorization in Information Algebras,Linguistics / Theory of Computation,Extraction of a meaningful (finite) part from divergent or non-computable structures compatible with hierarchical generative processes.,A morphism of commutative algebras from a Hopf algebra of graphs/algorithms to a Rota–Baxter algebra of functions.,Models the syntactic-semantic interface where semantic meaning extraction replaces the subtraction of divergent Feynman integrals in physics.,Algebraic Renormalization / Theory of Computation (Manin's approach),20,,
Fuss–Catalan Counting and n-arity Undergeneration,Linguistics / Combinatorics,The mathematical proof that n-ary Merge (n ≥ 3) is inadequate for human language compared to binary Merge.,Comparing Catalan numbers (binary trees) with Fuss-Catalan numbers (n-ary trees) showing that binary structures account for all sentence lengths and parsing ambiguities.,Explains why language-specific grammatical constraints must be built on binary combinations to avoid missing valid structures (undergeneration).,Strong Minimalist Thesis / n-magma theory,20,,
Spectral Geometry of Riemannian Metric,Noncommutative Geometry,"The full Riemannian metric (distance, volume, curvature) of a spin manifold can be completely recovered from the spectral properties of its Dirac operator.","Connes’ distance formula using the Lipschitz bound of the commutator D, f.",Allows for the quantization of geometry by replacing integration over metrics with integration over Dirac operators.,Spectral Action Principle; Standard Model of Particle Physics.,24,,
The Bootstrap Philosophy,Theoretical Physics / Conformal Field Theory,"Foundational principle that a theory can be determined entirely from consistency conditions (unitarity, analyticity, crossing symmetry) without a fundamental Lagrangian.","Consistency equations (e.g., Schwinger-Dyson) combined with positivity constraints (e.g., Hankel moment matrices).",Extracting spectral data and bounding operator dimensions or eigenvalues from internal consistency alone.,S-matrix program; Conformal Field Theory (CFT).,24,,
Arithmetic Spectral Compression,Number Theory / Spectral Geometry,"The sparsity and multiplicative independence of prime numbers enforce a sub-Euclidean, coherence-limited geometry where spectral propagation is inhibited.",Continuum limit of unnormalized Laplacians over prime-indexed kernels yielding bi-Laplacian scaling.,"Direct derivation of a spectral dimension d_s = 1/2 for the prime sequence, independent of the Riemann Hypothesis.",One-dimensional bi-Laplacian; GUE model of zeta zeros.,25,,
Hopf (Co)quasigroup Duality,Algebra / Quantum Groups,"Generalization of Hopf algebras where nonassociativity (Moufang property) is captured algebraically, enabling the description of parallelizable spheres.",Twisted group quasialgebras via 3-cocycle associators (Cayley-Dickson process).,Algebraic proof of the parallelizability of S7 and identification of the structure constants of Lie algebra g2.,Mal’tsev algebras; quantum Moufang loops.,26,,
Vacuum Squeezing as Symplectic Partition,Euclidean Quantum Gravity / Cosmology,The vacuum is a minimum-uncertainty coherent state that partitions phase space into matter and dark energy based on symplectic capacity.,Gromov’s Non-Squeezing Theorem applied to a symplectic unit disk with total volume pi.,Predicts cosmological density fractions (Omega_Lambda = 1 - 1/pi) without fine-tuning (Coincidence Problem resolution).,Krein space topology; Einstein Equivalence Principle (EEP).,27,,
Spectral Realization of completed Riemann Zeta,Mathematical Physics,The completed Riemann Zeta function xi(s) arises as the spectral determinant (partition function) of a physical vacuum transfer operator.,Mellin transform of a squared heat kernel (Jacobi theta function) over an integer spectrum.,The Riemann Hypothesis is shown to be equivalent to local vacuum stability under the Einstein Equivalence Principle.,Berry-Keating operator; BRST Cohomology.,27,,
Inner Fluctuations as Gauge Generation,Noncommutative Geometry / Fuzzy Spaces,Gauge fields and Higgs degrees of freedom emerge naturally from internal perturbations of the Dirac operator.,Parametrization of deformations using one-forms in the spectral triple (inner fluctuations).,Reconstruction of the Standard Model Lagrangian (Yang-Mills + Higgs) from the spectral action of an almost-commutative space.,Connes-Lott model; Yang-Mills-Higgs Dirac Ensembles.,24,,
Elementary Theory of the Category of Sets (ETCS),Mathematical Foundations,Founding set theory on isomorphism-invariant structure rather than membership-theoretic 'substance'.,"Universal mapping properties and categorical axioms (finite roots, exponentiation, Dedekind-Peano objects).","Decouples mathematical objects from specific set-theoretic constructions (e.g., ZF sets), providing a foundation based on functional roles.",Categorical Logic and Structuralism,28,,
Melting Crystal corner realization of Planck-scale Spacetime,Quantum Gravity / Statistical Mechanics,Statistical mechanics of a 3D melting crystal corner serves as a discrete model for quantum spacetime geometry.,Enumerating noncommutative instantons in 6D cohomological gauge theory.,Connects random plane partitions to Donaldson-Thomas invariants and topological string theory.,Type IIA String Theory / Topological String Theory,29,,
Noncommutative ADHM Construction,Noncommutative Geometry / Gauge Theory,Generalizing instanton moduli space constructions to noncommutative toric varieties using matrix data.,Braided commutators and deformed monads in braided monoidal categories.,Enables the construction of anti-self-dual connections on quantum R4 and P2.,N=4 Supersymmetric Yang-Mills theory,29,,
Differential Visual Reasoning Policy (DVRP),Cognitive Science / AI Safety,Bridging perception-reasoning decoupling by strictly aligning reasoning variations with the Delta of visual information.,"Visual Triplets (Invariant, Decremental, Incremental) optimization via KL-divergence divergence/convergence.",Prevents 'reward hacking' where models exploit linguistic shortcuts instead of attending to visual evidence.,Reinforcement Learning with Verifiable Rewards (RLVR),30,,
Area-Preserving Diffeomorphism Lie Algebra,Theoretical Physics / Kinematic Algebra,Identification of a diffeomorphism algebra in the self-dual sector that determines kinematic numerators.,Poisson bracket construction in light-cone coordinates leading to BCJ double-copy squaring.,"Provides a 'kinematic dual' to the Yang-Mills color algebra, allowing gravity to be understood as the square of gauge theory.",Bern-Carrasco-Johansson (BCJ) Relations / Gravity-Gauge Duality,31,,
Morel–Voevodsky Localization (Spectral),Spectral Algebraic Geometry,An analogue of the localization theorem where A1-homotopy invariance 'kills' higher homotopy groups of connective commutative ring spectra.,Nisnevich excision and A1-homotopy localization over spectral algebraic spaces.,Provides a foundation for motivic homotopy theory in the setting of E-infinity ring spectra.,Extended Evolutionary Synthesis (in math contexts) / Motivic Homotopy Theory,32,,
Zero-One Law for Random Graphs,Metamathematics / Model Theory,"The insight that for any first-order sentence, the probability of it being true in a large finite graph approaches either 0 or 1.",Axiomatization of the 'Almost Sure Theory' via extension axioms in infinite models.,Proves the completeness and decidability of the theory of random finite graphs as N approaches infinity.,First-Order Logic / Random Graph Theory,33,,
Cocycle Twist Quantization,Quantum Groups / Toric Geometry,Functorial quantization that deforms covariant constructions into non-commutative counterparts using Hopf algebra twists.,Linear convolution-invertible unital two-cocycles acting on braided monoidal categories.,Allows the systematic construction of 'Quantum Toric Varieties' from classical combinatorial data (fans).,Noncommutative Geometry / Quantum Geometry,"29, 34",,
Curvature Spinor Representation,Quantum Physics / General Relativity,The gravity of a pseudo-Riemannian manifold can be fully described using curvature spinors (Ricci and Weyl) in a rank-2 4x4 matrix form within a locally inertial frame.,Decomposition of the Riemann curvature tensor into 2-spinor formalisms involving modified sigma matrices and sedon algebra.,Provides a new interpretation of time curvature and clarifies the roles of Riemann tensor components as momentum or stress in gravitational fields.,General Relativity and Representation Theory of Spinors,35,,
Twisted Hilbert Scale Construction,Functional Analysis / Mathematical Physics,Constructing Hilbert scales via a unitary twist operator that maps standard Fourier bases to half-integer frequency exponentials.,Unitary multiplication operator U: f(x) -> exp(i pi x)f(x) applied to L2 spaces to generate spectral weights (1 + \,k + 1/2\,^2)^s.,Eliminates the zero-mode present in standard Sobolev theory; solves antiperiodic boundary value problems without external imposition.,Fredholm Theory and Atiyah-Patodi-Singer Index Theorem,36
Non-Hermitian Information Geometry,Quantum Mechanics / Information Theory,Application of the Fisher-Rao metric to non-Hermitian PT-symmetric quantum systems to measure parameter sensitivity.,Biorthogonal basis states (left and right eigenstates) used to derive quantum metrics in the unbroken PT-symmetry phase.,Identifies exceptional points where state sensitivity is heightened; control Hamiltonians can counteract dissipative effects in parameter estimation.,PT-Symmetric Quantum Mechanics and Lindblad Master Equations,37,,
Persistent Topology of Syntax,Computational Linguistics,Analyzing language structures as topological shapes to identify clustering (subfamilies) and historical influences through homology.,Vietoris-Rips complexes and barcode diagrams applied to binary syntactic parameter strings across world languages.,Captures historical linguistic phenomena like the influence of Ancient Greek on Slavic languages through persistent H1 generators (loops).,Generative Grammar and Universal Grammar (Principles and Parameters),38,,
Phylogenetic Algebraic Geometry of Languages,Historical Linguistics / Algebraic Geometry,Reconstructing the evolutionary history of languages by treating syntactic distributions as algebraic varieties.,Jukes-Cantor models on trees and the evaluation of 3x3 minors (phylogenetic invariants) of edge flattening matrices.,"Provides a statistically rigorous method to resolve controversies in language tree branches, such as the West Germanic/North Germanic split.",Markov Processes on Rooted Trees and Segre Varieties,38,,
Holographic Transitional Topologies,Artificial Intelligence / Cognitive Science,"Intelligence emerges from continuous topological evolution where knowledge representations shift between symbolic, geometric, and statistical states.",Dimensional reduction using topos-theoretic embeddings and tensor networks to map high-dimensional 'bulk' features to lower-dimensional boundaries.,"Enables Al to self-organize, restructure knowledge, and generate new mathematical landscapes or theorems autonomously.",Topos Theory and AdS/CFT Duality,39,,
Absolute Algebraic Geometry (F1 Land),Number Theory / Arithmetic Geometry,Studying schemes and varieties over the field with one element (F1) to provide a path toward resolving the Riemann hypothesis.,Identifying F1 with the discrete sphere spectrum 's' and using Day convolution for monoidal unit structures in s-modules.,"Maintains non-group-like structures (hyperrings, monoids) essential for constructing the adèle class space, unlike standard group completion.",Connes-Consani absolute geometry vs. Lurie's Spectral Geometry,"40, 41",,
Spectral Geometry of Prime Numbers,Number Theory / Spectral Theory,Treating prime numbers as a discrete set where geometric structure is derived from the spectrum of coherence-limited diffusion operators.,Constructing Laplacian-like generators from Jensen-Shannon divergence and calculating effective spectral dimension through heat trace asymptotics.,"Proves primes have a spectral dimension of 1/2, signifying maximal spectral compression and multiplicative independence as a barrier to diffusion.",Non-Euclidean Medium Theory and PCF Framework,40,,
Low-Dimensional Semantic Manifolds,Cognitive Science / Large Language Models,"Diverse human semantic axes reduce to a low-dimensional subspace (Evaluation, Potency, Activity) preserved within LLM embeddings.",Principal Component Analysis (PCA) of normalized linear projections on antonym-pair feature vectors.,Reveals that shifting a token along one semantic direction causes predictable 'off-target' effects on geometrically aligned features.,Semantic Differential Theory and Distributed Representations,42,,
Hyperbolic Dispersion Engineering,Materials Science / Optics,Nano-engineered metamaterials with open hyperboloid isofrequency surfaces allow for propagating waves with infinitely large wavevectors.,Subwavelength metal-dielectric superlattices (1D) or nanowire arrays (2D) creating extreme anisotropy where dielectric components have opposite signs.,Enables far-field sub-diffraction imaging (hyperlens) and broadband engineering of the photonic density of states.,Polaritonic Crystal Theory and Effective Medium Theory (EMT),43,,
Molecular Structure of Long Chain-of-Thought (Long CoT),Cognitive Science / LLM Reasoning,Effective long-form reasoning trajectories follow a stable molecular-like structure rather than a simple linear chain.,"Stable composition of Deep-Reasoning (covalent), Self-Reflection (hydrogen-bond), and Self-Exploration (van der Waals) interactions.",Guiding the synthesis of learnable reasoning traces (Mole-Syn) to avoid distribution mismatch and learning instability.,Transformer Attention as Gibbs-Boltzmann energy distribution and Protein Folding topologies.,44,,
Ancestral Grothendieck Topology,Category Theory / Internal Logic,A minimal categorical foundation for logic and computation derived from a single generative axiom of recursive difference.,Prefix-extension morphisms on a rooted D-ary tree generating a sheaf topos Sh(M).,"Internal models of ZFC, Gödel completeness, and modal logics (S4, S5) without torsors or topological obstructions.",Lawvere’s vision of deriving semantics from syntax; Janin-Walukiewicz fixpoint completeness.,45,,
Akchurin Algebra,Quantum Logic / Topos Theory,A logical structure capturing the internal dynamics of a spectral presheaf over orthocomplemented lattices.,Product of biquasiintuitionistic and biintuitionistic logics featuring four distinct negations.,Reconstructing orthocomplemented lattices (like Hilbert space rays) as internal objects via double negation monads.,Butterfield–Isham–Döring topos approach to quantum mechanics; Kolmogorov–Glivenko theorem.,46,,
Geometrically Enriched Latent Spaces,Machine Learning / Generative Models,Endowing latent spaces with Riemannian metrics derived from an ambient Riemannian manifold rather than Euclidean space.,Pull-back metric construction (M(z) = JgᅈMX(g)Jg) incorporating domain knowledge and uncertainty quantification.,Interpretability of shortest paths (geodesics) in VAEs/GANs to favor specific semantic regions and avoid low-density shortcuts.,Riemannian Geometry; Variational Inference; Metric Learning.,47,,
Semantic Isomerism,Cognitive Science / Large Language Models,Reasoning trajectories solve the same tasks but differ in behavior distributions and transitions.,Distributional variance in bond types (Reflection vs. Exploration) despite matched token-level statistics.,Explaining why mixing heterogeneous reasoning traces from different teachers destabilizes RL training.,Allotropy (Chemistry); Information phase space dynamics.,44,,
BNR Correspondence (Beauville-Narasimhan-Ramanan),Algebraic Geometry / Moduli Spaces,Relating Higgs bundles on a curve to sheaves on its spectral curve.,Isomorphism between the moduli stack of sl2-Higgs bundles and the compactified Jacobian of spectral curves.,Computing cohomology of vector bundles on moduli spaces of parabolic connections to support Geometric Langlands Correspondence.,Hitchin Integrable Systems; Geometric Langlands Correspondence.,48,,
Logical Folding,Cognitive Science / LLM Reasoning,Long-range corrective links in a reasoning chain stabilize logical clusters similar to protein folding.,Self-reflection acts as a 'hydrogen bond' that prunes inconsistent branches and densifies the semantic volume.,Enhancing model stability by enforcing specific ratios of reflective behaviors during supervised fine-tuning.,Physical Chemistry (Folding Funnels); Gibbs–Boltzmann Negative Logits.,44,,
Paraconsistent vs. Paracomplete Negations,Mathematical Logic / Spectral Presheaves,Topos-theoretic logic within the spectral presheaf exhibits multiple non-classical negations.,Daseinisation adjunctions (ᅉ∧ ∓ ε∧ and ε∨ ∓ ᅉ∨) defining paraconsistent (•) and paracomplete (◦) unary operators.,Modeling causal logic in Minkowski space or factor W*-algebras within a topos framework.,Vakarelov’s lattice logics; Topos theoretic semantics for quantum mechanics.,46,,
Mole-Syn (Distribution-Transfer-Graph Method),Cognitive Science / Machine Learning,Synthesizing Long CoT structures by transferring behavior transition graphs instead of direct teacher token distillation.,Guided random walk on a behavioral transition probability graph estimated from strong reasoning models.,Enabling 'cold-start' of long-horizon reasoning capabilities in small models at lower computational costs.,Stationary behavior frequencies in Markov Chains; Ergodic low-energy equilibrium.,44,,
Radon Transform (Projective Equivalence),Number Theory / Geometric Langlands,An exact equivalence between derived categories of twisted differential operators on dual projective spaces.,Fourier-Mukai transform relating O-modules on moduli stacks of connections to D-modules on non-separated schemes.,Establishing the categorical equivalence predicted by the Tamely Ramified Geometric Langlands Correspondence.,Hecke eigensheaf property; Partially Compactified Radon Transform.,48,,