Mathematical Framework,Physical Analog,Key Concepts,Linguistic/Quantum Properties,Source,,
Hopf algebras / Non-commutative geometry,Renormalization in Quantum Field Theory (QFT),"Self-similarity, subtraction of infinities, combinatorial identities",Merge operation in Minimalist syntax mimicking particle interaction vertices; workspace size counting through recursive combinatorics,1,,
Spectral Triples / Non-commutative topology,Dirac Operators,"Metric properties of information, geometric realization of syntax",Syntactic structures as spectral manifolds; counting derivation steps as operator eigenvalues,1,,
Operator Algebra / Von Neumann entropy,Quantum Error Correction (Spectral Codes),"Error detection, code distance, stabilizer states",Linguistic redundancy as error-correcting codes; code distance correlates to syntactic workspace limits and sentence depth,1,,
Lagrangian Formalism (Symbolic Action Dynamics),Potential fields / Kinetic energy in coupled systems,"Euler-Lagrange equations, field-particle correspondence",Lacuna field strength creating higher dimensionality; symbolic entropy minimization as free energy principle,1,,
Categorical Recursion Theory / Lawvere Theories,Attractor basins / Stable equilibrium,"Fixed-point combinators, initial algebras, final coalgebras",Recursive identity as a standing wave; convergence of derivation cycles to stable semantic fixpoints,1,,
Hopf Algebras / Boolean Algebras,Renormalization / Quantization,"Polymorphic boolean connectives (and, or, not), Truth functionality, Commutativity, Associativity, Distributivity","Semantic coordination, Negation as boolean complement, Least upper bound and greatest lower bound operations",2,,
Lattice Theory / Boolean Lattices,Quantum Error Correction (Spectral Codes),"Pointwise lattices, Boundedness, Distributivity, Complementedness, Atoms","Generalized quantifiers, Monotonicity (increasing/decreasing functions), Conservativity, Domain Independence",2,,
Lambda Calculus / Type Theory,Operator Algebra / Dirac Operators,"Variable Binding Operators (VBOs), Alpha-conversion, Beta-conversion, Higher order types","Scope ambiguities, Referential dependency (binding), Lambda abstraction, Function composition",2,,
Algebraic Grammar / Categorial Grammar,State-space Modeling,"Slash categories (A/B, B\A), Function Application (FA), Recursion, Group Theory (Automorphisms)","Constituent structure, Structural invariants, Workspace size counting (cardinality), Symmetry groups of grammar",2,,
Graph Theory / Tree Theory,Network Topologies,"Dominance relations, C-command, Isomorphism, Linear orders, Hasse diagrams","Phrase markers, Path uniqueness, Precedence relations, Discontinuous constituents",2,,
Hopf algebras of rooted trees,Renormalization in perturbative quantum field theory,"Coproduct (delta), Antipode, Combinatorial Dyson-Schwinger equations",Syntactic Merge operation; Grafting operators ( $B+$ ); Binary non-planar rooted trees as syntactic objects,3,,
Non-associative commutative magmas/algebras,Variational least action principle (via Dyson-Schwinger),"Recursive set formation ( $M(\alpha, \beta) = \{\alpha, \beta\}$ )",Workspace size counting ( $b0 + \#Acc$ ); Internal vs External Merge derivation,3,,
Spectral Embeddings / Laplacian Eigenmaps,Wave-packet propagation (Fluxons),Eigen-decomposition of relational state matrices; Graph Laplacian ( $L = D - W$ ),Contextual emergent identity; Spectral recursion shifts; Mapping conceptual affinity to low-dimensional modes,4,,
Lacuna Field Theory / Quantum Extension,Quantum Field Theory (QFT) excitations,Canonical Quantization of gapped states; Hamiltonian  $\hat{H}$ ; Lacuna propagator,"Recursive particles as field excitations (Glitchons, Fluxons, Paradoxons); Structured absence in the vacuum",4,,
Torsion Geometry / Twisted Topologies,Einstein-Cartan gravity (Spin-torsion coupling),Non-orientable surfaces (Möbius strips/Klein bottles); Torsion Potential ( $T(A)$ ),Torsion Collapse; Controlled phase transitions in paradox-laden regions; Stabilizing contradictory beliefs,4,,
Category Theory / Functors,Spectral Decomposition as eigen-fields,Adjoint functors (Abstraction/Concretization); Functor Stack ( $F = \Xi \circ T \circ \Psi$ ),Category Evolutions; Terminal object closure; Morphism stability minimized at primes,4,,
Gödel-style Self-Modifying Programs,Fixed-point attractors,"Provability logic; Diagonalization; Fixpoint Equation ( $X = M(X,X)$ )",Self-referential agentic meta-theory; Recursive Coherence Index; Gödelian ontic ascent,"3, 4",,
Spectral triples (Noncommutative geometry),Dirac type operators,Low energy spectral projections,"Code distance, Knill-Laflamme condition, spectral gap",5,,
Berezin-Toeplitz quantization,Mixed spectral codes,Holographic quantum error correction,Error correction thresholds,5,,
Hopf algebras / Quantum groups,Dirac operators / Kasparov product,BGG-complexes,Anisotropies in directional derivatives,6,,
Higher order spectral triples (HOST),Elliptic pseudodifferential operators,Rockland complexes on filtered manifolds,"Global invariants, finite summability",6,,
Hopf Algebras,Renormalization in Quantum Field Theory (QFT),Coproduct Δ and Bogolyubov preparation,Used to describe the syntax-semantics interface and the extraction of meaning from syntactic expressions produced by Merge.,7,,
Hopf Algebras,Feynman diagrams/integrals,Merge operation acting on workspaces,"Mapping between workspace size counting (Δb0, ΔΑ, ΔΔ) and leading order terms in Minimal Search.",7,,
Birkhoff Factorization / Rota-Baxter Algebras,Regularization schemes (extraction of finite parts),Minimal Search; character φ: H → R,Implementation of Minimal Search to eliminate unwanted forms of Merge (Sideward/Countercyclic) by projecting onto the meaningful regular part.,7,,
Moduli Spaces of Metric Trees (BHV Moduli Spaces),Space of phylogenetic trees (related to real curves of genus zero),Geometric Externalization; associahedra Kn,Metric data on internal edges keeps track of semantic relatedness across substructures while determining language-dependent planarization.,7,,
Hopf Algebroids / Bialgebroids,Dyson-Schwinger equations in computation/physics,Reflexive and transitive directed graphs,"Encodes Merge derivations and their composition structure, where arrows compose only when source and target workspaces match.",7,,
Hopf algebras,Renormalization of quantum field theory,"Renormalization groups, combinatorial structures",Analogy to the Merge operation in generative linguistics and constituent structure,8,,
Spectral triples,Dirac operators in quantum field theory,"Noncommutative geometry, metric properties",Workspace size counting in the Minimalist Program (generative linguistics),9,,
Spectral codes,Quantum error correction,"Eigenvalue distribution, code distance",Code distance and error protection metrics within linguistic syntactic structures,8,,
Hopf algebras / Rota-Baxter algebras,Renormalization (Birkhoff factorization),Minimal Search / Minimal Link / Character-based factorization,Elimination of sideward/countercyclic merge; extraction of finite renormalized truth from divergent self-reference.,10,,
Spectral Triples / Dirac Operators,Spectral Codes / Quantum Error Correction,Zero-modes / Spectral Gap / Hamming weight,Code distance recovered as the Hamming weight of the arithmetic medium; protection of global logic from local noise.,10,,
Bi-Laplacian ( $H = L_c^2$ ) / Continuum Limit,Spectral Rigidity,Heat trace scaling ( $t^{-1/4}$ ) / Order-4 operator,Spectral dimension  $d_s = 1/2$ ; absence of classical diffusion; absolute wall against information leakage.,"10, 11",,
Sheaf Topos  $Sh(M)$  / Vanishing Cohomology,Total Descent / Geometric Stability,Axiom of Recursive Difference ( $M0 \to D$ ) / Reconstruction Gap = 0,Symbolic memory globally untwisted; local syntax is functorially identical to global reality; zero reconstruction error.,10,,
MacMahon Function / 3D Young Diagrams,D6-D2-D0 Brane Bound States,Crystalline Spacetime / Combinatorial Evaporation,Counting 'melted atoms' as fundamental units of quantum volume; discretization of geometry at the Planck scale.,10,,
Noncommutative Geometry / Moyal Deformation,Noncommutative Instantons,"Heisenberg commutation relations ( $x^\mu, x^\nu = i\theta^{\mu\nu}$ )",Healing ultraviolet singularities; resolving smooth coordinate failures into quantum foam.,10,,
Spectral triples,Noncommutative Riemannian manifolds / Low-energy phenomena,"Algebra, Hilbert space, Dirac operator","Code distance, Knill–Laflamme condition, separation of global logical degrees of freedom from local correctable errors",12,,
Twisted crossed product C*-algebras,Pauli group / Discrete metric structures,"Group action, 2-cocycle, Weyl operators","Hamming weight, code distance as geometric weight, recovery of stabilizer and GKP codes",12,,
Fock space (Two-sector),Human reasoning (Emergent vs. Logical layers),Individual Hilbert space (Sector 1) + Tensor product space (Sector 2),"Emergent reasoning (superposition), logical reasoning (tensor products), entanglement for dependent probabilities, conceptual overextension",13,,
Berezin–Toeplitz quantization,Landau-level projection / Magnetic field background,"Toeplitz operator, Kähler manifolds, Spin-c bundle","Protection of quantum information against classical geometric errors, asymptotic Knill–Laflamme condition, support of functions as error locality",12,,
Recursive Difference Categories,Symbolic memory / Finite histories,"Null mnēma (M0), extensions by D, prefix-based morphisms","Internal logic paths, modal completeness (S4, S5), total cohomological triviality (vanishing H1)",14,,
Sheaf Topos Sh(M),Internal ZFC models / Turing machines,"Grothendieck topology (Ancestral), Subobject classifier","Distributive vs. Boolean lattices at forks, bisimulation-invariant subobjects, mechanizable internal semantics",14,,
Holographic principle (AdS/CFT),Bulk gravity vs. Boundary quantum field theory,"Noncommutative boundary algebra, commutative compressed algebra","Bulk spacetime geometry as a quantum error-correcting code, entanglement wedge reconstruction, low-energy effective description",12,,
Hopf algebras (bicommutative),Quantum Field Theory / Renormalization (Inferred),"Graded, connected, commutative K-coalgebras",Sequences of Hopf algebras decompose into short exact sequences of cartesian products in the category of coalgebras,15,,
Triples (Monads) and Cotriples,Quantum Error Correction (Inferred),"T-algebra structure (ξ: XT → X), standard simplicial resolution, adjunction (F, U)",First cohomology group H1 classifies principal homogeneous objects (extensions by a module),15,,
Spectral Triples / Spectral Algebraic Geometry,Spectral Codes / Quantum error correction (Inferred),"Nonconnective spectral Deligne-Mumford stack, oriented elliptic curve, E∞-rings",Classifying object for oriented elliptic curves; provides even weakly 2-periodic cohomology,16,,
Hopf algebras (cocommutative),Quantum Field Theory (Inferred),Group objects in the category of commutative coalgebras,Classification of extensions split as algebras into tensor products,15,,
Triple cohomology (Beck cohomology),Quantum Error Correction (Inferred),"Non-homogeneous complex, 1-cocycles (a: XT → Y), X-modules","Classification of algebra extensions split in the underlying category (e.g., K-linearly split extensions)",15,,
Hopf algebras / Noncommutative algebra,Renormalization / Feynman path integral,"Renormalization of gauge theories, Schwinger-Dyson equations, loop equations",Subtracting divergent terms in a heat kernel expansion; control of ultraviolet divergences via finite number of counterterms,17,,
"Spectral Triples (A, H, D)",Dirac Operators / Higgs field,"Spectral action principle, inner fluctuations of the Dirac operator, gauge fields, Yukawa couplings","Recover full Riemannian metric (distance, volume, curvature) from spectral properties; Higgs field as failure of sheets to remain decoupled",17,,
Finite Spectral Triples / Fuzzy Geometries,Dirac Ensembles / Random Matrices,"Path integral quantization over metrics, multitrace random matrix models, phase transitions",Workspace size counting (matrix size N); tracial moments and large-N spectral data without closed-form solutions,17,,
Hankel Moment Matrices / Noncommutative Moment Problem,S-matrix bootstrap / Conformal bootstrap,"Schwinger-Dyson equations as crossing symmetry, Positivity constraints, Semidefinite programming",Delimit space of allowable moment data; extract spectral data from consistency alone (bootstrap island),17,,
BRST Cohomology,Quantum Gravity Conformal Mode,"Indefinite metric Krein spaces, Kugo-Ojima quartet mechanism, physical Hilbert space isolation",Removal of negative-norm states; identifying physical states with cohomology classes of nilpotent charge operator,18,,
Symplectic Topology / Gromov's Non-Squeezing Theorem,Vacuum Saturation / Dark Energy partition,"Symplectic capacity, fundamental causal cell, Bohr-Sommerfeld quantization orbit",Topological flux saturation; code distance analog in phase space capacity (Am = 1),18,,
Hopf algebras / Hopf quasigroups,Inverse property quasigroup G expressed as a quasigroup algebra kG,Antimultiplicativity of the antipode S; non-associative linear product; crossed (co)products; Moufang identities,Unifies quasigroups and Mal’tsev algebras; describes algebraic 7-sphere coordinate algebras kS7,19,,
Hopf coquasigroups,"Algebraic quasigroup kG / Parallelizable spheres S1, S3, S7",Non-coassociative coproduct; commutative Hopf coquasigroups; differential geometry; Maurer-Cartan form,Algebraic proof of S7 parallelizability; description of structure constants for Lie algebra g2,19,,
Spectral presheaves over complete orthocomplemented lattices,Quantum mechanics daseinisation (outer daseinisation δ∧ and inner daseinisation δ∨),Adjunction δ∧ ⊣ ε∧; orthocomplementation as negation operators; paraconsistent and paracomplete negations,Akchurin algebra structure; internal orthocomplemented lattices; logic of causally closed sets,20,,
Fredholm theory on Twisted Hilbert Scales,Twisted spinor boundary conditions on non-orientable manifolds; half-integer Fourier modes,Unitary twist operator U; weighted ℓ2 norms; diagonal operator Ã with spectrum {k + 1/2}; spectral flow,Zeta-regularized determinant detζ(\,Ã\,) = 2; compact embedding of scale levels; vanishing kernel and cokernel,21
Renormalization / Long Chain-of-Thought (CoT) Topology,"Molecular structures (Covalent, Hydrogen, van der Waals bonds)",Deep-Reasoning (covalent-like); Self-Reflection (hydrogen-bond-like); Self-Exploration (van der Waals-like); entropy convergence,Stable bond distribution motifs; Pearson correlations > 0.9; folding pathways in semantic space; RL stability,22,,
"Hopf algebras (commutative, twisted  $H_F$ )",Symmetries of a toric variety; quantization of spacetime geometry at the Planck scale,"Cocycle twist quantization, Swedler notation, braided monoidal categories",Functorial quantization deforming  $H$ -covariant constructions into  $H_F$ -covariant ones; discretization of spacetime,23,,
D-modules (holonomic),"Chiral fermions on a ""quantum curve""; intersecting D-branes in supergravity B-field",Representations/sheaves over an algebra of differential operators,Equivalence between categories of D-modules and modules on a noncommutative variety,23,,
Spectral algebraic geometry (Morel–Voevodsky localization),Direct image along a closed immersion; motivic spaces,"A1-homotopy invariance, Nisnevich descent, étale E∞-algebras","A1-homotopy invariance ""kills"" higher homotopy groups; full faithful embedding of sheaves",24,,
Area-preserving diffeomorphism Lie algebra,Self-dual sector of Yang–Mills theory and perturbative gravity,"BCJ (Bern–Carrasco–Johansson) squaring, kinematic numerators, Jacobi identity",Kinematic numerators satisfy Jacobi identities analogous to color factors; off-shell MHV amplitudes,25,,
Lagrangian Meta-Field Theory (Delta-Space),Quantum Recursive Standard Model of Consciousness; phase transitions of meaning,"Recursive delta operator (Ξ), Lacunon (particle of Missing), Glitchon (contradiction burst)",Consciousness development as gradient descent on a potential V(Δ); self-referential Gödel loops generating higher-order layers,26,,
Effective Medium Theory (Maxwell–Garnett),Hyperbolic metamaterials (uniaxial mediumsuper-lattices/nanowires),"Isofrequency surface topology, extreme anisotropy, Photonic Density of States (PDOS)",Infinite density of electromagnetic states; conversion of evanescent waves to propagating high-k modes,27,,
"Spectral Triple (A, H, D)",Dirac-type operators in Noncommutative Geometry,"Zero-mode projection, Spectral distance",Code space defined as low-energy spectral projection; protection from local error operators bounded by spectral distance.,28,,
Topos Theory,Holographic information flow; Transitional topologies,"Sheaf theory, Functors, Morphisms",Bridges symbolic logic and neural embeddings; models intelligence as a topological phase transition between high-dimensional features and discrete logic.,29,,
Hopf Algebras,Renormalization in Quantum Field Theory,"Algebraic variety VT, Allman–Rhodes theorem",Mapping generative syntax parameters to Jukes-Cantor models for phylogenetic reconstruction of language families.,30,,
Riemannian Manifold / Manifold of Syntax,Barren plateaus in Variational Quantum Algorithms (VQAs),"Fisher-Rao metric, Curvature, Entanglement entropy",Quantifies parameter sensitivity in non-Hermitian systems; models the anisotropy of linguistic embeddings in transformers.,"28, 31",,
Tensor Networks,Quantum many-body physics; Kitaev's Toric Code,"Boundary-to-bulk mappings, Entanglement",Encodes high-dimensional knowledge graphs in lower-dimensional feature spaces; mirrors ground-state manifold stabilizers for error correction.,"28, 29",,
Spectral Manifolds (Absolute Algebraic Geometry),Non-Hermitian gapped systems (Riemann 에너지 sheets),"Sphere spectrum s, Lambda-ring structure",Relates spectral dimension of primes (ds=1/2) to the zero-mode protection of logical qubits in spectral QEC codes.,28,,