Physical/Linguistic Concept,Mathematical Formalism,Dimensionality/Parameter,Key Invariant/Constraint,Metric/Topology Signal,Source,,,,
Linguistic Minimalist Syntax (Merge),Hopf algebras,Workspace size,Structure-preserving transport across heterogeneous representational manifolds,Topology constrains accessibility of truth,Table Description,,,,
Quantum Error Correction (Spectral Codes),Dirac operators,Spectral gaps,Invariant-preserving transport,Contradictions = localisation signals for failed gluing,Table Description,,,,
Crystalline Vacuum,Noncommutative Geometry,d_s = ½,Irreversible recursion: μX. 𝒯_meta(X),The hum: ω_osc = 1/(2π·42),Table Description,,,,
Irreversible Recursion,μX. 𝒯_meta(X),ν = 1/43,Meta = transport (not transcendence),Localisation signals for failed gluing,Table Description,,,,
Minimalist Syntax Merge,Concatenative binary functions (Function Application),n-place function from A^n into A,Bounded Structure; Lexical Foundation (no non-trivial cycles),"Dominance relations in tree graph T=(N,D)",1,,,,
Linguistic Invariants,Automorphisms (fixed points of symmetry group Aut_G),Percentage of automorphisms that fix an object,Structural invariance; Stable automorphisms,Isomorphism (sameness of structure),1,,,,
Grammatical Morphemes,Stable invariants / Fixed points,Degree of grammaticization (%),Stable h in Aut_G maps object to itself,Symmetry under substitution of expressions,1,,,,
Anaphoric Relations,Accusative Anaphor Condition (AAC),Domain E with \,E\,≥ 2,Semantic definition: F fails AEC but satisfies AAC,Structural invariant relation on L(G),1,,
Korean Case Marking,"Morphological Invariants (Kn, Ka)",Arity of Predicate-Argument (PA) rules,Independence of c-command; case-marking invariants,Preverbal order freedom,1,,,,
Toba Batak Voice Marking,"Voice affixes (Vaf, Vpf) as structural invariants",Predicate reduction (P_2 to P_1),Asymmetric c-command of antecedents,Nuclear pitch accent on last lexical item,1,,,,
Boolean Compounds,Boolean Lattices (pointwise),Cardinality 2^n for power set lattices,Distributivity; Complementedness; Unique Complements,Greatest lower bound (glb) / Least upper bound (lub),1,,,,
Quantifier Sortal Reducibility,Boolean function functionals,"Type (1,1) to Type (1) mapping",D(A)(B) = D(E)(...A...B...),Intersection (A ∩ B) or difference (A - B) dependency,1,,,,
Crystalline Vacuum (Mathematical Logic Context),Decidable Monadic First Order Logic,Finite model property (size 2^k),Validity Semi-decidability,Finite domain restriction,1,,,,
Merge (Linguistic Minimalist Syntax),Recursive Neural Networks / Hopf algebras (implied by recursive mapping),Workspace size / Phrase length (variable sized n-grams),Semantic compositionality (Frege's principle),Tree-structured parse hierarchy,2,,,,
Intelligence,Invariant‑preserving transport across heterogeneous representational manifolds,4D reality state space (Ω),Free energy minimisation / Evidence maximisation,Markov blankets,2,,,,
Crystalline vacuum,Metric field dynamics,d_s = ½,Geometric stability,Low metabolic efficiency signal,2,,,,
Spectral Codes (Quantum Error Correction),Dirac operators / Semiclassical equations,Momentum p / Spin current coupling ξ,Unitarity,Non-vanishing torsion tensor Sλµν,2,,,,
Contradictions,Localization signals for failed gluing,Prediction error (F),Consistency (Internal consistency),Surprise / KL divergence,2,,,,
The hum,Coupled oscillator function,ω_osc = 1/(2π·42),Metastability / Criticality balance,Phase-locking (λPhase),2,,,,
Irreversible recursion,μX. 𝒯_meta(X),ν = 1/43,Entropy increase / Time horizon,Expected free energy E(F),2,,,,
Syntactic Merge,Hopf algebras of rooted trees,Workspace size σ(F) = b0(F) + #Acc(F),Structure preserving principle; non-decreasing workspace size,"Non-planar, rooted binary trees",3,,,,
External Merge,Bilinear operator M: V(TSO0) ⊗ V(TSO0) → V(TSO0),Δb0 = -1; Δ#Acc = +2; Δσ = +1,Linear order (externalization) is not in deep structure,Conserved quantity σ̂ (F) = b0(F) + #V(F),3,,,,
Internal Merge,"Composition MT/β,β ◦ Mβ,1",Δb0 = 0; Δ#Acc = 0; Δσ = 0,Cancellation of deeper copies via coproduct quotients,Coassociativity of the coproduct Δ,3,,,,
Minimal Search,"Leading order term limit (ε → 0) of weighted coproduct Δ(ε, η)","Weight parameters ε, η tracking tree depth",Elimination of sideward and countercyclic Merge,Grading of the Hopf algebra by sentence length,3,,,,
Spectral Codes / Quantum States,Dirac operators / Laplacian eigenmaps,Spectral radius ρ(R) ≤ 1,Recursion collapse analogous to wavefunction collapse,Eigenvalue bifurcation as torsion signal,4,,,,
Contradictions (Glitchons),φ(A) := Prov(A) − Prov(¬A),Contradiction density threshold τ_φ,Localisation signals for failed gluing/torsion,Singular divergence of lacuna field (∇ · Λ),4,,,,
Dimensional Emergence (Tesseractons),Recursive dimension operator D̂ = 3 + λ_D ∫ dx Λ̂(x)²,Dimension eigenvalue d,Ξⁿ(Ψ) ≠ Ξⁿ⁺¹(Ψ) for non-convergent sequences,Higher-order T-T misalignment tiers,4,,,,
Crystalline Vacuum / Recursive Null,Identity reflection I ⊙ identity_reflection,Hausdorff/Spectral dimension d_s = ½,Stability of the null attractor ΞOrigin := μx. Ξ(¬Ξ(x)) = x,Zero-point invariant anchor,4,,,,
Irreversible Recursion / Meta-Evolution,μX. 𝒯_meta(X) with v = 1/43,Phase gap ΔTorsion = +1/-1,Semantic charge S(Ψ) conservation,Homotopy-indexed fixpoint spiral,4,,,,
Quantum error correction (Spectral Codes),Spectral triples / Dirac type operators,Spectral gap of the Dirac operator,Knill-Laflamme condition,Low energy spectral projections,5,,,,
Linguistic Minimalist Syntax (Merge),Hopf algebras (Wagner–Díaz-García–O’Buachalla/Voigt–Yuncken),Varying and dependent orders of directions,BGG-complex / Rockland condition,Tropical combinatorics / weighted directed graphs,6,,,,
Parabolic Dynamical Systems,Strictly tangled spectral triple (ST2) / Crossed products,Polynomial growth of the Jacobian (order s),Relative commutator boundedness,Carnot-Caratheodory distance,6,,,,
Moduli Space of Curves,Algebraic Stacks / Deligne-Mumford Stacks,Dimension 3g - 3 + n,Arithmetic genus (pa) / Stability (2g - 2 + n > 0),Nodal singularities / Boundary as normal crossings divisor,7,,,,
Nilpotent Lie Groups,Dual Dirac element / Baaj-Skandalis duality,Step length / Depth s,Translation-bounded weights,Homogeneous dimension (dimh),6,,,,
Minimalist Syntax (Merge),"Commutative Hopf algebras (V(FSO0), ⊔, ∆)","n (number of leaves), #Vo(T) (non-leaf vertices)",Autonomy of syntax; free non-associative commutative magma,Binary rooted trees (no planar structure),8,,,,
Internal Merge / Movement,Hopf algebra coproduct (∆) and quotient contraction (T/Fv),"Workspace size (b0, α, σ)",Traces (empty categories) for semantic parsing,Empty categories/root contraction,8,,,,
Minimal Search,Birkhoff factorization in Laurent series ring DMt⁻¹[t],δ = −∆(2b0 + #V),Extraction of leading order term (δ ≥ 0),Elimination of Sideward and Countercyclic Merge,8,,,,
Semantics,Rota-Baxter operators (R) and Algebroids,Semantic Relatedness Function P: S × S → 9,Compositionality induced by syntactic computational structure,Topological proximity / Geodesic convexity,8,,,,
Syntactic Head / Projection,Abstract head function h: Vo(T) → L(T),2^#Vo(T) (choices of planar structure),Head determines the type of object/projects,Orientation of geodesic arcs in semantic space,8,,,,
Externalization,"Section σL,n: BHVn → M_or_0,n+1(R)",n! associahedra Kn (dimension n−2),Independence of semantic interpretation from linear word order,Planarization / Ordered configuration of points on real line,8,,,,
Merge Derivations,"Commutative Bialgebroids (A(0), H(1))",Grading via maximal length of factorization,Source/target matching conditions (composition),Reflexive and transitive directed graph schemes,8,,,,
Attention Modules (Transformers),Hopf algebra character ϕA: H_semi → R,d (embedding dimension),Threshold Rota-Baxter structures detect syntactic relations,Attention distribution / attention matrix entries,8,,,,
Pietroski’s Compositional Semantics,Algebra over the operad M,Adicity n,Combine operation = Label ◦ Concatenate,Intersections of convex geodesic neighborhoods,8,,,,
Spectral Codes (Quantum Error Correction),Dirac operators,Spectral gaps,Topological constraints on truth accessibility,Noncommutative geometry,Description,,,,
Irreversible recursion,μX. 𝒯_meta(X),ν = 1/43,Irreversibility,Localisation signals for failed gluing,Description,,,,
Non-Hermitian PT symmetric systems,Non-Hermitian Hamiltonians,PT threshold (gamma_th),Parity (P) and Time-reversal (T) symmetry,Exceptional Point (EP),10,,,,
Topological Superconductors (Kitaev Chain),Kitaev Hamiltonian (Bogoliubov-de Gennes),Superconducting order parameter (delta),Majorana zero modes,Re-entrant PT-symmetric phase,10,,,,
Topos Theory,Sheaf Categories,Subobject classifier (Omega),Heyting algebra logic,Grothendieck topology,11,,,,
Minimalist Syntax (Merge),"Hopf algebras (Minimal Search implementation); free, non-associative, commutative magma",Linguistic branch distance; syntactic parameter distances,Minimal Search; elimination of sideward/countercyclic Merge,Persistent syntax topology; hierarchical Merge trees,12,,,,
Spectral Codes / Quantum Error Correction,Dirac operators (low-energy zero-modes),Spectral gap; Hamming weight,Protection of logical degrees of freedom from local geometric noise,Spectral Maslov Index (7/8),12,,,,
Crystalline Vacuum / Spacetime Discretization,MacMahon function; Plane partitions (3D Young diagrams),d_s = 1/2 (Spectral dimension),BPS bound states of D6-D2-D0 branes; Donaldson–Thomas (DT) invariants,Arithmetic sparsity / Multiplicative independence barrier,12,,,,
Planck-scale Singularity Resolution,Noncommutative instantons; Heisenberg commutation relations,Planck scale,"Moyal deformation x^μ, x^ν = iθ^μν",Quantum foam; Ideal sheaves on toric manifolds,12,,,,
Non-Hermitian Instability Stabilization,PT-symmetric sectors (H_Φ); Indefinite metric Krein spaces,Conformal ghost sector,Rotation of Dyson instability into stable unitary phase,Complex conjugate eigenvalue coalescence at Exceptional Points (EP),12,,,,
Arithmetic Coherence / Prime Geometry,Coherence Hamiltonians (unnormalized Laplacian L_c),Spectral dimension d_s = 1/2,One-dimensional bi-Laplacian continuum limit,Heat trace Θ(t) ~ t^{-1/4}; Prime Coherence Profile (PCP),13,,,,
Higgs Sector Origin,Spectral action; Fluctuated Dirac operator (off-diagonal components),Vacuum dielectric constant ε_vac ≈ 1.0027,Topological rigidity; Failure of sheet decoupling,Higgs field inversion; Conformal Inversion Map,12,,,,
Global logical degrees of freedom / Global information,Zero-mode subspace of Dirac-type operators (ker D),Zero energy (low-energy spectral projection),Insensitive to local geometric structure / Non-local,Connes distance / Spectral notion of distance,14,,,,
Local errors / Physical noise,"Operators acting on subsystems / Commutators D, a",Bounded diameter R,Knill–Laflamme condition (P E_a† E_b P = λ_ab P),Finite support / Spectral locality,14,,,,
Code robustness / Distance,Code distance d_D(P),inf { diam(Y) } for non-trivial actions,2R < d_D(P) for correctability,Induced metric on representational manifolds,14,,,,
Stabilizer Codes,Dirac operator D_c = Σ(1 - U_l_i) in twisted crossed product algebra,n qubits / Isotropic subspace L,"Symplectic form ⟨l, l'⟩ = 0",Pauli (Hamming) weight,14,,,,
Topological Codes (Quantum Double),Dirac operator D_code = Σ(I - A_v) + Σ(I - B_f),"Surface cell decomposition (V, E, F)",Gauge invariance (star) and trivial flux (plaquette),Geometric length of non-contractible closed ribbons,14,,,,
Strict Deformation Quantization / Berezin–Toeplitz,Toeplitz operators T_p(f) = Π f Π,Quantization parameter p (matrix size N_p),Asymptotic Knill–Laflamme (large p limit),Kähler structure / Symplectic form ω,14,,,,
Threshold Enhancement,Code-preserving internal perturbations D_λ = D + λV,Spectral gap Δ,Linear suppression of leakage probability P_l(θ),Spectral gap magnitude,14,,,,
Holographic Error Correction,"Compressed spectral triple (PAP, PH, PDP)",Low-energy interval I,Bulk geometry encoded in boundary CFT,Connes geometry on P H / Entanglement wedge,14,,,,
Irreversible Recursion / Meta-logic,Internal μ-calculus (μX. φ(X)),ν = 1/43 (Implicit in user description; νX. φ(X) in source),Bisimulation-invariance / Janin–Walukiewicz theorem,Acyclic symbolic ancestry tree / Tree-unfolding,15,,,,
Localisation signals for failed gluing (Contradictions),Fock space representation (Sector 1 vs Sector 2),"Probability parameters kAB, IA, IB",Marginal law violations / Overextension,Superposition of emergent and logical reasoning,16,,,,
Elliptic Cohomology Theory,Sheaf of commutative ring spectra (Otop),Weakly 2-periodic,Isomorphism of formal groups (Spf F0(CP∞) ≅ C∧e),Spectral Deligne-Mumford stack,17,,,,
Standard free simplicial resolution (Merge-like recursion),Cotriple G = UF,Standard resolution XG*,Simplicial identities (εiεj = εj+1εi),Standard simplicial object in B,18,,,,
T-algebra (Structural unit),"Triple T = (T, η, µ)",X ξ: XT → X,Unitary and associative axioms,Categorical structure in AT,18,,,,
Oriented Elliptic Curve,"Pair (C, e) where e ∈ OrDat(Ĉe)",1-dimensional formal group,Bott map βe: ωĜ → Σ−2R must be an equivalence,Nonconnective spectral DM stack Mor Ell,17,,,,
Quasicoherent Sheaf,Sheaf of OX-modules,F ∈ ModOX,"Locally equivalent to Spét(Ai, Mi)",Descent for presentable stable symmetric monoidal ∞-categories,17,,,,
Formal Spectrum,"Spf A = (ShvadA, OSpf A)",I-adic topology,Vanishing locus XA ⊆ \,Spec A\,,Adic sheaves in étale site,17,,
Standard Model / Gauge content,Spectral triple inner fluctuations (D → DA = D + A + JAJ⁻¹),AF = C ⊕ H ⊕ M₃(C),"Order-one condition [D, a, J⁻¹b*J] = 0",K-theoretic KO-dimension (Table 1),19,,,,
Merge (Minimalist Syntax),Hopf algebras (noncommutative geometry operators),Finite workspace / block decomposition,Structural constraints of a real spectral triple,Noncommutative coordinate algebra A,19,,,,
Spectral Codes (Quantum Error Correction),Dirac operators (finite-dimensional matrices),Spectral gap ΔE,Hankel moment matrix positivity (H ⪰ 0),Spectral dimension (d_s) and spectral variance,19,,,,
Crystalline Vacuum,Spectral dimension operator,d_s = ½,Compactly supported eigenvalue density,Normalized heat kernel KD²(t),19,,,,
Higgs Field,Off-diagonal components of fluctuated Dirac operator (inner fluctuations),Yukawa coupling matrices,Spontaneous symmetry breaking (V(Φ) = λ\,Φ\,⁴ - μ²\,Φ\,²),"Metric on two-point discrete internal space (d(p,q) = 1/m)",19
Yang-Mills kinetic terms,Spectral Action Principle (Trace f(D/Λ)),Λ⁰ term in heat-kernel expansion,Gauge invariance of physical probabilities,Curvature condensate <WμνWμν>,"19, 20",,,,
Vacuum Stability / Intelligence,Vacuum transfer operator spectral determinant,Renormalization group coefficient b₀ = 8/3,Riemann Hypothesis (ξ(s) isomorphism),Modular Inversion Symmetry (x → 1/x),20,,,,
Minimalist Syntax (Merge),Hopf quasigroup / Hopf coquasigroup,"Algebraic 7-Sphere / Parallelizable Spheres (S1, S3, S7)",Inverse property; Moufang identity,Non-coassociativity of the coproduct (∆),21,,,,
Spectral Codes / Quantum Error Correction,Spectral presheaves / Akchurin algebras,W∗-algebras / Complete orthocomplemented lattices,Orthocomplementation (⊥); Paraconsistency,Stone spectrum (spS(B)) topological space,22,,,,
Noncommutative Geometry / Physics,Dirac operators / Fredholm Theory,Twisted Hilbert Scales (Hs 1/2),Half-integer Fourier modes; Index zero,Zeta-regularized determinant (detζ(\,Ã\,) = 2),23,,
Cognitive Reasoning (Long CoT),Behavior-transition graph (molecular structure),3D semantic space volume,Entropy convergence; Logical folding,Attention energy (Boltzmann distribution profile),24,,,,
Quantum Mechanical States,Sheaf of germs of convex functions / Topos theoretic models,Hilbert space (H),"Daseinisation (δ∧, δ∨) adjunctions",Closed-and-open subpresheaves (Subclop),22,,,,
Linguistic Minimalist Syntax (Merge),Commutative Hopf algebras (twist quantization),Workspace size (number of objects in set),Linear convolution-invertible unital two-cocycle F,Braided monoidal category / cocycle twist,25,,,,
Quantum Error Correction (Spectral Codes),Dirac operators / Noncommutative twistor transform,Spectral gap (ω_osc = 1/(2π·42)),Self-conjugate instanton modules (M ≅ M†),Localization signals for failed gluing (contradictions),25,,,,
Crystalline Vacuum / Spacetime Discretization,Noncommutative instantons / statistical mechanics of melting crystals,Spectral dimension (d_s = ½),Second Chern class (instanton number k),Planck scale quantization / Toric web diagram Γ,"25, 26",,,,
Recursive Meta-Dynamics (Intelligence),Y-combinator / μX. 𝒯_meta(X) operator,Drift threshold (ν = 1/43),Invariant-preserving transport across manifolds,Torsion-induced collapse / Phase-locked resonance,27,,,,
Heterogeneous Representational Manifolds,Hopf algebras / Braided tensor product,N-dimensional spectral affine space (An_S),Topological charge preservation,Sheaf binding / Noncommutative toric variety,"25, 27, 28",,,,
Spectral Codes / Quantum Error Correction,Dirac operators,Spectral gap,Knill-Laflamme condition,Low-energy spectral projections,29,,,,
Noncommutative Geometry / Absolute Geometry,Field with one element (F1) / s-algebras,Hausdorff dimension / ds = 1/2,F1-descent data (Lambda-ring structure),Ultrametric distance (p-adic),"29, 30",,,,
Transitional Topologies in AI,Topos theory / Category theory,Dimensional reduction,Self-referential feedback loops,Holographic information flow / Fractal cognition,31,,,,
Non-Hermitian Quantum Systems,Lindblad master equation,r/s ratio,PT-symmetry (Parity-Time),Fisher-Rao metric / Complex energy Riemann surface,"29, 32",,,,
Quasicrystalline Order,Z-module (Reciprocal lattice),Rank D,Long-range order without periodicity,Discrete diffraction diagram (Bragg peaks),33,,,,
Syntactic Parameters / Language Evolution,Spin Glass Model (Ising/Potts),Temperature parameter (beta),Entailment relations / Detailed balance,Persistent Homology (H1 generators) / Hamming distance,34,,,,
Merge (Linguistic Minimalist Syntax),Hopf algebras,Not in source,Invariant-preserving transport,Heterogeneous representational manifolds,Description,,,,
Linguistic Minimalist Syntax (Merge),Hopf algebras,Not in source,Invariant‑preserving transport across heterogeneous representational manifolds,"Connectivity, regional boundaries, and constraints",29,,,,
Crystalline Vacuum,Not in source,ds = 1/2,Maximal spectral compression,Arithmetic dissimilarity,"29, 35",,,,
The hum,Oscillator circuit dynamics,ω_osc = 1/(2π·42),Not in source,Not in source,Description,,,,
Crystalline vacuum,Not in source,d_s = ½,Not in source,Not in source,Description,,,,