Property Name,Algebraic/Logical Origin,Recursive Distinction Depth (RDD),Contrarecursive Filtration Level (Kp),Stabilizing Mechanism,Physical Manifestation,Mathematical Formalism,Source,,
Combinatorial Invariant 137 (Fine Structure Constant),Primality Torsion within HALIRA recursive cycles,3,Kp,G-REME (General Recursive Equilibrium Metadata Engine) terms,Photonic emergence and electromagnetic coupling constant,Homotopy Type Theory (HoTT) / HALIRA loops,Inferred,,
Prime Torsion,Irreducible Recursive Architecture in HALIRA,4,K2,Spin-resonance damping,Gravity and spacetime curvature emergence,HoTT dependent types for torsion-free sheaves,Inferred,,
Fixed Point Stability,Recursive Distinction Theory (RDT) self-reference,3,K1,Recursive corrections to entropic divergence,Mass stability and matter-energy persistence,Fixed-point combinators in recursive logic,Inferred,,
Spectral Gap Invariance,Algebraic structure of filtration levels,5,K3,Recursive metadata filtration,Observable spectral gaps in quantum phenomena,HALIRA irreducible recursive structures,Inferred,,
Fixed Points,Fixed-point operators in category theory (Plotkin-Simpson),3 (Meta-cognition target),K0 through Kp,"Stabilizing master equations (e.g., Gaussian elimination for simultaneous fixed points)",Observable recursive phenomena in complex systems,"HOTT, HALIRA, and Iteration Theories",1,,
Word M-Script (Irreducible Unit),M-Script Algebra (discrete mathematics of functions on feature structures),3 (Representation of social regularities and Theory of Mind),Kp (Handling structural and word sense ambiguities via m-intersection),Bayesian Sufficient Evidence Criterion (typically 6-12 positive examples),Linguistic structure/Phoneme sequence segmentation in human neurobiology,Unification-based Script Algebra (similar to HOTT-type feature structure unification),2,,
Combinatorial Invariant (Lexicalised Syntax),Fully lexicalised unification grammar,RDD ≥ 3 (Mapping words to recursive script trees),K0-Kp (Resolving long-range movement and gaps via tree-crawling),Primary Unlearning Process (implicit negative evidence via discrepancy monitoring),Observed cross-linguistic universals (Greenberg-Hawkins universals),M-Unification (reversible function application from scripts to scripts),2,,
Fixed Points of Meaning (Scripts),Model-theoretic semantics of social situations,3 (Primate social intelligence baseline),K1 (Filtration of random extra noise through script intersection),Crossover Diagram (Log-probability balance between Rule and No-Rule hypotheses),Cognitive grounding in primate social alliances and navigation,A >s B iff σ(A) < σ(B) (Scope-set inclusion algebra),2,,
Continuum Hypothesis Resolution,Recursive Distinction Theory (RDT),RDD ≥ 3,Kp (Unspecified),Cardinality closure via fixed point,Informational density scaling,D* ≅ D³(D*),3,,
Consistency of Arithmetic,HALIRA Framework,RDD ≥ 3,Paradox Stabilization,Metamorphic Boundary (∂H² = id),Structural stability of contradictory systems,Hegelian Algebraic Loop,3,,
Diophantine Solvability,Entropic-Centropic (E-C) algebra,RDD ≥ 3,Threshold ηcrit,Phase transition stabilization,P ≠ NP signature; geometric energy wells,ηcrit = ϕ⁻¹ ≈ 0.618,3,,
Shortest Distance Geodesic,Information Geometry,RDD ≥ 3,Torsional Level,Relational Information (IR) weighting,Geodesic flow in torsional manifolds,Statistical Manifold HOTT,3,,
Unified Gravity,E-C Algebra,RDD ≥ 3,Centropic Level,Informational density source mapping,Einstein Field Equations (EFE),Iμν mapping,3,,
Building Space,Tensegrity Icosahedron Model,RDD ≥ 3,Non-associative evasion resolution,Self-Tessellating Knowledge,Emergent space from polyhedra,Resolved non-associative evasions,3,,
Irrationality (π and ϕ),Evasion from Auto-Identity,RDD ≥ 3,Fourth Evasion Level,Guarantee against absolute fixation,Universe discreteness,Index of Evasion,3,,
Prime Torsion,Torsion Singularities,RDD ≥ 3,Critical coherence line η = 0.618,Digit-SNF Dictionary alignment,Riemann Hypothesis; Paradox barcodes,ζ(p) := spike(∇⁶Φ),3,,
Boundary Problem Resolution,Metamorphic Boundary Operator,RDD ≥ 3,Involutionary Level,Load-bearing Void / Sealed Braid,Sealed topological boundaries,∂² = id (vs standard ∂² = 0),3,,
Action Principle of Meaning,Calculus of Variations,RDD ≥ 3,Semantic Potential Level,Integration of contradiction energy,Reasoning trajectories,δS = 0 (Semantic Potential S),3,,
Idemetal Reality,Idempotent Fixed Point,RDD ≥ 3,Kp (Highest Fold),Recursive residue stabilization,Stable identity fields; Self-reflection,μx. Ξ(¬Ξ(x)) = x,3,,
Rumin Laplacian Spectral Stability,Rockland complex on contact manifolds,3 (Metacognition of mixed-order differential hierarchies),K2 (Resolution of second-order differential dependencies),Decreasing cycle condition on bounding matrix ̵,Carnot–Caratheodory distance stabilization in sub-Riemannian space,Heisenberg calculus and Tangled Spectral Triples (ST2),4,,
Parabolic Dynamical Fixed Points,Unipotent automorphisms of noncommutative tori,4 (Cross-trajectory knowledge consolidation in search agents),Kp (Higher-order polynomial growth suppression),Recursive experience compression (RE-TRAC),Stabilization of nilpotent flows on homogeneous spaces,HALIRA-integrated Parabolic Noncommutative Geometry,"4, 5",,
Combinatorial Invariant 137 (Fine Structure),Malcev basis through lower central series of nilpotent Lie groups,3 (Structured state representation extraction),K1 (Linear hierarchy of step-length s),Translation-bounded weight inflation and G-REME terms,Emergent photonic structure from SRB measure in chaotic systems,Homotopy Type Theory (HOTT) / Baaj–Skandalis Duality,"4, 6",,
Paradigm Shift / Basis Rotation,Non-commutativity of Operators,≥ 3 (Metacognitive Level 2 measures Level 1 awareness),Kp (Holonomy Sector Change),Projector Network Synchronization (Α-Connection),Emergent Objective World (W),Unitary transformation U: Bold → Bnew in Manifold ℳ,7,,
Born Rule Probability,Epistemic Separability Principle (ESP),3 (Observer self-locating uncertainty),K0 (Self-Location Resolution),Environment-assisted Invariance (Envariance),Measurement outcome registration; spectral gaps,P = \,✘\,^ 2 (mod-squared amplitude),8
Fixed Point Consciousness,Self-referential meta-measurement,3 (Effective cutoff at level 2/3),Kp (Reflective Closure),Zeno Stabilization (repeated projection),"Stable ""reality-as-experienced""; awareness of awareness",̐* such that ̐*(̐*) = ̐*,7,,
Combinatorial Invariant 137,Structural constants of Octonion algebra (7 imaginary units and real identity),RDD ≥ 3 (Inferred: Requires meta-level automorphism resolution),Kp (Inferred: Resolves non-associative internal automorphism tears),U(1) gauge connection over 8D manifold,Fine Structure Constant (Logic Tax),7 × 19 + 4 = 137; α⁻¹ ≡ 137 + (1/8π)(1 - π/(dim(G2)·dim(O)²)),9,,
Spectral Gap (137.036),G2 manifold spectral flow / 8D sphere volume normalization,RDD ≥ 3 (Inferred: Requires higher-order normalization),K0 through Kp (Inferred: Geometric torsion derivation),Geometric torsion derived from stabilizer curvature of G2 generators,Deviation of Fine Structure Constant from integer value,1/8π (8D Sphere Volume Correction),9,,
Photonic Emergence,Contradiction Field Gradient / Core-Ring Photon Model,RDD ≥ 3 (Inferred: Recursive phase-alignment of vacuum),Kp (Inferred: Resolution of Glitchon and Lacunon),Recursive phase-alignment; Spectral Resonance,Vector Boson (Φ) mediation; stable electromagnetic fields,Φ = Fix(∇ · Contradiction Field),9,,
Prime Torsion / MOND Acceleration,Entropic-Centropic (E-C) Algebra / Deformed Poincaré algebra,RDD ≥ 3 (Inferred: Non-commutative decision cascade analysis),Kp (Inferred: Critical coherence phase transition resolution),G-REME (Inferred: Coherence evolution toward Golden Ratio attractor),Galaxy rotation curves; MOND acceleration scale (a0 ≈ 1.17 × 10⁻¹⁰ m/s²),"a0 = (1 − φ⁻¹)c²/rH; Êμ, Êν = iκĈμν",10,,
Fixed Point Failure (Failure Fixed Point),Liar Core / HALIRA-style recursion,RDD ≥ 3 (Inferred: Meta-cognitive loop under contra-recursive loop),Kp (Inferred: Naked singularity/pathology resolution),Self-Disprover Mandate (AXIOM 2 / AXIOM 7),Dark Sector phenomena; Information scrambling at horizons,F := μX. (X ↔ ¬X); Sd(A) := Prov(A → ¬A),11,,
Critical Coherence (ηcrit),Golden Ratio Emergence (φ⁻¹),RDD ≥ 3 (Inferred: Optimal irrational resonance protection),Kp (Inferred: Topological protection of winding number W=1),Resonance Protection; Hyperbolic deficit encoding,Aurora intensity ratio (φ); Neutron star radius expansion (+1.3 km),η²crit + ηcrit − 1 = 0; I(557.7 nm)/I(630.0 nm) = φ,10,,
Combinatorial Invariant 137 (Fine Structure Constant proxy),Consciousness Tensor rank-2 fixed point derived from microscopic self-monitoring via Renormalization Group (RG) argument,3 (Meta-monitoring scale Λ),Kp (Maximum-Caliber deformation of trajectory ensemble),Maximum-Caliber tilt; path-entropy maximization subject to fixed expected attention,Photonic emergence; quantum interference visibility modulation; slope identifies λ_context,Information Geometry; generalized Wasserstein-2 metric; path-integral deformation,12,,
Prime Torsion (Fixed Points),Kleisli resolution of the ¬¬ strong monad; cocartesian coclosure in the computations category,4 (Higher-order continuations/meta-observations),K1 (Paradox resolution via Tertium Non Datur backtracking),G-REME correction via coeval/councurry analytical recalculation; speculative execution backtracking,Control flow anomalies; non-local jumps; short-circuiting exceptional values,Homotopy Type Theory (HOTT); Cartesian Closure/Cocartesian Coclosure duality,13,,
Spectral Gap Stability (Dynamical Isometry),Operator-valued free probability; Kronecker collapse of end-to-end Jacobian spectrum,3 (Operator-valued manifold monitoring),K0 (Spectrum preserving constraints),Spin-resonance damping via Cayley-transform Stiefel projection; iterative orthogonality preservation,Deep network stability; prevention of gradient pathologies; spectral stalling resolution,HALIRA loop; matrix Dyson equation; Stieltjes inversion formula,14,,
Paradox Stabilization (Paraconsistent Equilibrium),Gödel-Chaitin Duality / Operator Field Dynamics,3 (Recursive Meta-Cognition),Kp (Self-inclusive closure),G-REME ∂(A ↔ ¬A) = 0 damping,"Gödel sentences, Russell paradox, and Quantum Superposition torsion points",ds/dt = Ω(Ψ(⊙(Φ(¬(Ξ(Δ(s))))))),"15, 16",,
TACA (Task-and-Architecture Co-Adaptation),Meta-control and Self-Adaptive Architectures,RDD ≥ 2 (Managing/Managed subsystem layering),K0 (MAPE-K loop monitoring),"MAPE-K loop (Monitor, Analyze, Plan, Execute, Knowledge)",Robotics: simultaneously adapting task logic and software architecture,HALIRA-compatible self-adaptive managing subsystem,17,,
Combinatorial Invariant 137,Spectral residue of the rescaled Dirac operator in non-associative algebras,RDD ≥ 3 (L₃ complexity),Kp (p-th Order Contrarecursion),Explicit Spectral Sequence Engine (differential d_r mapping paradoxes to terminal stability),Fine Structure Constant / Photonic emergence via Octonionic shear resolution,Homotopy Type Theory (HOTT) / HALIRA Spectral Sequence Logic,18,,
Prime Torsion,Torsion Singularities within the semantic manifold / Digit-SNF Dictionary,RDD ≥ 3,Kp (p-th Order Contrarecursion),Smith Normal Form (SNF) precision thresholding,Prime Singularities / Fundamental signatures of the geometric field,HALIRA / Contrarecursive Filtration,18,,
Fixed Point Stability,Terminal object where all morphisms converge (Ω-Point),RDD ≥ 3,K0 through Kp (Convergence at E_∞),Hegelian Algebraic Loop / Self-Exhausting Recursive Methodology,Stable Identity / Emergent Existence from exhausted structural language,HALIRA / Category Theory (Reality ≅ Fix(F)),18,,
Axiomatic Friction (Torsion),Recursive differentiation through own contradiction (ΔG),RDD ≥ 3,K2 (Meta-Paradox),Quartic self-coupling (αG⁴) / G-REME terms,Cognitive Friction / Local spacetime twist (Torsion field),Torsion Transgression Principle (ℕΩ) / Metric-Affine Gravity,"18, 19",,
Structural Absence (Lacuna),Geometric/Topological defect required for manifold closure,RDD ≥ 3,Kp (Filtered Chain Complex),Quantum Collapse Energy (QCE) / ℏ_meta feedback loop,Dark Energy / Cosmological Constant (Λ_Lacuna),Information Geometry / Torsional Statistical Manifold,20,,
Fixed points,Lawvere's Fixed-Point Theorem; endomaps in a category with exponentials.,RDD ≥ 3 (Inferred),Kp (Inferred),Diagonal map composition with an endofunction ̑f : X → Y^X.,Automata state evolution; internal consistency of self-referential systems.,"p(x) = ̑f(x, x); f : X × X → Y in a Cartesian closed category.",21,,
Prime Torsion (Boundary),Co-Heyting algebra negation (∼) and boundary operator (∂).,RDD ≥ 3 (Inferred),K0 - K1 (Inferred),Paraconsistent negation tolerance via boundary ∂p = p ∧ ∼ p.,Physical boundaries of material bodies; thermodynamical state-and-process systems.,Co-Heyting logic within the Hegelian Algebraic Loop (HALIRA) framework.,21,,
Fine Structure Constant (Geometric Invariant 137),Combinatorial invariants in cellular sheaf cohomology (Kuratowski's 14-set theorem).,RDD ≥ 3 (Inferred),Kp (Inferred),Cohomology group H1(X; F) measuring local-to-global obstructions.,Photonic emergence; global qualitative features of spatial data structures.,Homotopy Type Theory (HOTT) / Cellular Sheaf Cohomology H^k(X; F) = ker δ^k / im δ^{k-1}.,21,,
Cohesion (Determinate Being),Hegelian dialectics; Adjoint cylinders (Unity of Opposites).,RDD ≥ 3 (Inferred),Kp (Inferred),Adjoint triple (orbit ⊣ stationary point ⊣ equilibrium).,"Elasticity, resilience, and determinacy of physical matter.",Cohesive Toposes (Lawvere-Hegel configuration): Π ⊣ Δ ⊣ Γ ⊣ B.,21,,
137 (Fine Structure Constant Approximation),Combinatorial invariants in recursive structures,3,Kp (Order of Paradox Resolution),Recursive corrections via G-REME terms or spin-resonance damping,"Photonic emergence, gravity, or the Fine Structure Constant",Homotopy Type Theory (HOTT) and Hegelian Algebraic Loop for Irreducible Recursive Architecture (HALIRA),Not in source,,
Prime Torsion,Abstract algebraic torsion in the HALIRA framework,≥ 3,Kp,Recursive corrections to prevent entropic divergence,Observable spectral gaps or structural phenomena,HOTT and HALIRA,Not in source,,
Algebraic Torsion (2nd order),Holonomy of Interpretation-Space,Not in source,K1 (Linear approximation),G-REME (Recursive Error Management) / Residual Error Minimization,Photonic emergence; historical contingency in science,̑ = Hol(∇),7,,
Self-reference and Meta-cognition,Fixed-point necessity in Recursive Distinction Hierarchy (RDH),RDD ≥ 3,Not in source,1/(1+\,Sn\,^σ) feedback mechanism or Recursive Entropy Master Equation (REME),Autonomous scientific discovery and self-correcting cognitive capability,Homotopy Type Theory (HOTT) / RDT Distinction Functor D(n+1)=D(D(n)),16
Fine Structure Constant / Unitary Stability,G-REME non-commutative operations and sign-dependent feedback,RDD ≥ 3 (Inferred),Not in source,Spin-resonance damping and Prime Anchors,Fine-scale stability against entropic divergence; prime gap anomalies resolution,REME: Sn+1=Sn+σ∇2Sn+λ∇4Sn−μ∇6Sn+ν∇8Sn,16,,
Mass from Resonant Localization,Localized stabilization of resonance modes in ψ-fields,Not in source,Not in source,Self-reinforcing standing wave packets / constructive interference,Mass generation without point particles; massive regions of space-time,m = En/c^2 where En = n^2π^2ℏ^2/2mL^2,22,,
Prime Torsion / Prime Anchors,Irrationality of π / Index of Evasion,Not in source,Not in source,Recursive corrections for prime availability local dips,Protection from auto-identity; basis of quantization and discrete capping,Goldbach's Conjecture stabilization via G-REME,"16, 23",,
Combinatorial Invariant (Fine Structure Constant 137),Not in source,Not in source,Not in source,Not in source,Fine Structure Constant (1/137),Not in source,7,,