Structural Anchor,Residue Type,Torsion Gradient (Inferred),Metamorphic Boundary State,Maximum Value Signal (Inferred),Implied Fracture Mode,Relational Compression Level,Source
8π Volumetric Constant,Spectral Gap / Information Torsion,0.036 (Normalized Spectral Gap),Involution ( $\partial_H^2 = id$ ),$Identity_{Derivative} = 1$,Zero-Mode Attractor / Bore-Hole Effect,0.9994 (Golden Ratio Attractor),1
137 (Octonionic Invariant),Logic Tax / Latent Heat,$1/8\pi$  (Geometric Torque),Liaison Vertex (0.5 Object),Photonic Emergence ( $\nabla\Phi$ ),Non-associative Shear / Jacobi Anomaly,High (Maximal Division Algebra Density),1
8-D Manifold (Octonionic),Spectral Gap / Torsion Residue,137.036 (deviation from 137),Non-associative 8D stabilizer,Photonic Emergence / Vector Boson ( $\Phi$ ),Traumatic H  $\rightarrow$  O transition (Loss of associativity),Ultra-Compression ( $\Psi$ -Compression),2-5
Axiom Set Omega (  $\Omega$  ),Identity (Structural Residue),Axiomatic Friction ( $\Delta G$ ),Soft symmetry breaking ( $\zeta Cl^2G$ ),SuperSaiyan $^n$  State ( $v^\infty$ ),Catastrophic Vacuum Collapse,$\Psi$ -Compression (Tokenization),6
P-Quantum (P-Q),Dark Matter Invariant (partial H),High (exceeding T-T threshold),Initial state of zero coherence,Meta-Coherence Dividend (D-ME),Phase-Transition into high-order R-Loop,Maximum (Axiom 3),7
$\mu x. \neg(\neg x) \neq x$  (Anti-Idempotent Gap),Spectral Gap (Gödel Residue),Product of predictable wrongness,Equilibrium (Verb vs. Matter),72% ( $\text{\textcircled{\tiny x}}$ ) Lacunon of certainty,Hypothetical inconsistency (unprovable but self-disprovable),$100\% - (1/2\pi \times \text{error})\%$,8
I  $\dashv$  I (Identity Functor),Torsion residue ( $\epsilon$ ),Non-associative referential chains,Incommensurability (Form/Matter),1000ms lag spike (CMB),Recursive feedback loop shearing,High-density synthesis (Fold 3),8
HALIRA (Hegelian Loop),Paradox Stabilization,Balanced (Self-canceling),Involution ( $d^2 = id$ ),Stable structural contradictions,Non-Hermitian symmetry breaking,Total (Analytic Reality Closure),9
Golden Ratio (  $\phi \approx 1.618$  ),E-C Coupling ( $\alpha \approx 0.236$ ),$1 - \phi^{-1}$  (Gap to Coherence),Stable Fixed Point ( $\eta_{crit} \approx 0.618$ ),Aurora Intensity Ratio (1.617),Destructive Rational Resonance,Optimal Action / Resonance Damping,1
$\phi-1 \approx 0.618$,Spectral Torsion / Meaning Residue,$\lambda 1 \log_2(e)$  bits/sec,Terminal Stability /  $\Omega$ -Point,$10^{42}$  Hz (Coherence oscillations),$\tau$ -Bifurcation (discriminant sign),Sublinear ( $d^* \propto T^{\alpha/(\beta+1)}$ ),"4, 5"
Spin(9) Structure Group,Jacobi Scar ( $S_{total}$ ),Torsion-dilation coupling,Phase-transition to R-Loops,$\delta f \approx 29$  Hz induced splitting,MHD instabilities in toroidal flux,Substrate-independent control (SITC),"8, 10"
Metric-Affine Gravity (MAG),Geometric Lacuna ( $\Lambda_{Lacuna}$ ),$K_z \le 1.5 \times 10^{-15} \text{m}^{-1}$,Torsional Statistical Manifold (TSM),Consciousness Information ( $I_{\mu\nu}$ ),Strong Equivalence Principle violation,High (Informational Density),11
$\Xi$  (Xi),Identity-born-of-inversion,Infinite (for braids),Braided instability,Prime (Semantic singularity),Recursive collapse/Reversion,Extreme (2-operator universal kernel),"12, 13"
$A$  (Kronecker Collapse),Torsion residue,Proportional to Jacobi anomaly  $J'$,Paraconsistent equilibrium,Stable semantic attractor (Theory),Partial spectral collapse (misalignment),High ( $N=np$  to  $n$ ),"12, 14"
Nullifold,Memory Trace ( $\epsilon TSn$ ),Retrocausal Forensic (G2),Topological Envelopment ( $\Xi^{-1}$ ),Meta-Knot / Braid Group Substrate,Hypercoherent Oscillation / System Crash,Plenum-Void (Nullifold Residue),15
M-script,Torsion residue,0.1 bits per iteration,Involutionary liaison at vertex,High-frequency m-unification bursts,Stochastic bifurcation,9.2/10,16
Triple-Tack (  $\vdash\dashv\vdash$  ),Syntactic Equivalence,Zero (Stable balance),Locked Circuit,Not Unlost coordinate,Systemic locking (No error-checking),Infinite (Structural Sentence),9
$\infty$  -Topos  $X$,Sheaf of  $n$ -types,Variable (Postnikov towers),Fibrant object under Cartesian model,Universal Cartesian fibration  $q$,Whitehead’s theorem failure,Logarithmic (Full homotopy type),17
"Eilenberg-MacLane  $K(G, n)$",Singular cohomology  $H^n(X; G)$,Dependent on  $G$  torsion and  $X$,$EG$  (contractible with free  $G$ ),"Universal class  $\eta \in H^n(K(G, n); G)$",Breakdown of continuous functions/paths,"High ( $X, K(G, n)$  bijection)",17
$\infty$  -Category  $C$,"Mapping space  $Map_C(X, Y)$",Infinitesimal (Coherence divergence),Weak Kan complex (Quasi-category),Homotopy category  $hC$,Coherence vs. Commutativity,Extreme (Higher  $k$ -morphisms inverted),17
Digit-SNF Dictionary,Torsion Singularities,Spiking ( $\zeta(p)$ ),Coherence line ( $\eta = 0.618$ ),Paradox barcodes,Prime-distribution bifurcation,Extreme (One-to-one mapping),9
Octonions (O),Torsion residue (Shear),Positive ( $s(x) > 0$ ),"Non-associative vacuum ""Shear""",Quadrupole/Octopole alignment,Anisotropic remnant (Bianchi Type I),Maximal division algebra density,18
Reduced Density Matrix,Spectral Gap (Decoherence),Informational divergence,Diagonalized in pointer basis,Born rule probabilities,Wave function splitting/branching,Subsystem isolation (Partial trace),Not in source
Tensegrity Icosahedron,Non-associative evasions,Geometric/Angular,Self-tessellation,Emergent space-archive,Torsional buckling,Spatially Dense,9
Adjoint Cylinder,Unity of Opposites,Adjoint triple distance,Aufhebung (level resolution),Cantor’s  Lauter Einsen,Isomorphism collapse in punctual topos,Dialectical science of cohesion,11.5
Primary Telor,Telesic residue (Potential),Non-linear expansion,Involutive/Evolutive ( $\mu$ -morphism),Max generic utility (Self-reinforce),Causal deficits / Underdetermination,Total (Self-contained reality),19
Bi-Heyting Algebra,Boundary ( $\partial p = p \land \neg p$ ),Negation divergence,Paraconsistent intersection,Logic of local validity,Failure of Non-Contradiction,Lattice-theoretic synthesis,7.2.2
RD Theory (RDT),Cardinality closure,$\rightarrow 0$  as  $n \rightarrow \infty$,Identity through self-negation,Uncountable infinities in hierarchy,Collapse of cardinality into bounds,High ( $n$  to  $\infty$  mapping),9
E-C Algebra,Geometric energy wells,Critical at 0.618,Phase transition,Solvability threshold ( $\eta_{crit}$ ),P  $\neq$  NP signature collapse,Medium-High,9
Sentence-Meaning (SMS),Redundant encoding,0.08 bits per phoneme,Synthesized molecular stability,Synchronous semantic-syntactic align,Combinatorial explosion,9.5/10,16
Script Algebra,Spectral Gap,0.05 bits per node,Symmetry-breaking at intersection,Log-likelihood peaks in crossovers,Non-associative decoupling,8.5/10,16
Trump Link,Variable persistence,0.15 bits per link,Transitive closure,Unbounded recursive depth,Unification failure,9.8/10,16
Torsional Statistical Manifold,Relational Information ( $I_r$ ),Variable (local density),Geodesic flow,Shortest path ( $H4$ ),Non-Euclidean divergence,High (Density mapping),9
Grothendieck Topos,Sheaf of sets on  $X$,None ( $n=0$  discrete),Giraud's axioms,Subobject classifier  $\Omega$,Inability to describe non-discrete stalks,Moderate (Categorical organization),17
Finitary Signature  $\Sigma$,Rational  $\Sigma$ -trees,High (Infinite branching),Initial iterative H-monoid,Asymptotic (Rational tree limit),Unguarded recursion failure,Extreme (Infinite with finite subtrees),20
$W_0$  (Foundational Subspace),Core knowledge,Sub-linear growth,Continual Adaptation,Global optimum (Universal weights),Catastrophic forgetting,100x compression / 281x memory,21
$H_{res}$  (Orthonormal Basis),Basis vectors,$\rho \le 1 - 1/n$,Fixed-point (Stability),Dynamical isometry,Gradient instability,O(1) memory,14
Quaternions (H),Associativity,Zero ( $s(x) = 0$ ),"Flat, associative spacetime",Stable information processing,Symmetry breaking to O,High (Standard 4D Spacetime),18
Scott Model  $D$,Least interpreted solution,Minimal (Continuity),Least fixed point,Convergence (Directed joins),Divergence (Bottom element),High (Continuous function space),20
Level-K (Recursive),Strategic Handedness,$K$ -iterative depth,Recursive Geometry,Nash Equilibrium ( $K=\infty$ ),Cognitive exhaustion,Increasing with  $K$,9
L-Axis (Hinge),Chiral residue,90-degree vector shift,90-degree fold,Substance (Metal) emergence,Unfolding into Meta,Substantial/Inertial,9
Bimonoid Object  $M$,Antipode,Moderate (Multiplicity),Hopf monoid involution,Symmetric (Inverse equilibrium),Non-cocommutative bifurcation,Moderate (Sweedler notation),20
Adjunction (  $L \dashv U$  ),Adjunction Gap,Structure-preserving,Questioning / Understanding,Creative insight,Loss of raw qualia,Variable (Experience to Meaning),9
Symmetric Strict Monoidal,Pre-monoidal trace,Low (Algebraic identity),Yanking/Sliding equilibrium,Stable (Feedback loop closure),Non-central sliding violation,High (Graphical string diagram),20
Finitary 2-monad  $T$,Pseudo maps of algebras,Moderate (2D coherence),Biequivalence,High (Isomorphism preservation),Spurious ambiguity in 2-equivalence,High (Preserved to isomorphism),20
Monoidal Biclosed  $V$,Enriched Lawvere theory,Low (Finitely presentable),Equivalence to finitary monads,Stable (Finite cotensor),Non-existence of V-categories,Moderate,20
Topological Manifold,$C^k$  smooth structure,Differentiability loss at singulars,Local homeomorphism (étalé),Global section coherence,Atlas incompatibility,Locally Euclidean,8.1
Abstract Simplicial,Nontrivial cocycle ( $H^1$ ),Geometric distortion ( $d_{ij}$ ),Nerve of a cover,Impossible figure detection,Global inconsistency in 3-D,Combinatorial discretization,9.2.1
Bayesian Criterion,Inference noise,0.02 bits per example,Probability density threshold,Six-positive-example convergence,Spurious rule belief,7.9/10,16