title,url,folder_path
Function (mathematics) - Wikipedia,https://en.wikipedia.org/wiki/Function_(mathematics),Bookmarks bar / AGI
Neologism - Wikipedia,https://en.wikipedia.org/wiki/Neologism,Bookmarks bar / AGI
Logical possibility - Wikipedia,https://en.wikipedia.org/wiki/Logical_possibility,Bookmarks bar / AGI
Structural functionalism - Wikipedia,https://en.wikipedia.org/wiki/Structural_functionalism,Bookmarks bar / AGI
Algebra over a field - Wikipedia,https://en.wikipedia.org/wiki/Algebra_over_a_field,Bookmarks bar / AGI
Syntactic category - Wikipedia,https://en.wikipedia.org/wiki/Syntactic_category,Bookmarks bar / AGI
Category:Programming paradigms - Wikipedia,https://en.wikipedia.org/wiki/Category:Programming_paradigms,Bookmarks bar / AGI
Category:Cognitive tests - Wikipedia,https://en.wikipedia.org/wiki/Category:Cognitive_tests,Bookmarks bar / AGI
Category:Intelligence - Wikipedia,https://en.wikipedia.org/wiki/Category:Intelligence,Bookmarks bar / AGI
Outline of category theory - Wikipedia,https://en.wikipedia.org/wiki/Outline_of_category_theory,Bookmarks bar / AGI
Frame of reference - Wikipedia,https://en.wikipedia.org/wiki/Frame_of_reference,Bookmarks bar / AGI
Structure-mapping theory - Wikipedia,https://en.wikipedia.org/wiki/Structure-mapping_theory,Bookmarks bar / AGI
Glossary of mathematical jargon - Wikipedia,https://en.wikipedia.org/wiki/Glossary_of_mathematical_jargon,Bookmarks bar / AGI
Outline of thought - Wikipedia,https://en.wikipedia.org/wiki/Outline_of_thought#Organizational_thought_processes,Bookmarks bar / AGI
Category:Problem structuring methods - Wikipedia,https://en.wikipedia.org/wiki/Category:Problem_structuring_methods,Bookmarks bar / AGI
Program optimization - Wikipedia,https://en.wikipedia.org/wiki/Program_optimization,Bookmarks bar / AGI
Mental representation - Wikipedia,https://en.wikipedia.org/wiki/Mental_representation,Bookmarks bar / AGI
Generating function - Wikipedia,https://en.wikipedia.org/wiki/Generating_function,Bookmarks bar / AGI
Generating function transformation - Wikipedia,https://en.wikipedia.org/wiki/Generating_function_transformation#Integral_Transformations,Bookmarks bar / AGI
Category:Categories in category theory - Wikipedia,https://en.wikipedia.org/wiki/Category:Categories_in_category_theory,Bookmarks bar / AGI
Category:Interpolation - Wikipedia,https://en.wikipedia.org/wiki/Category:Interpolation,Bookmarks bar / AGI
"Category:Lemmas subcategories by language - Wiktionary, the free dictionary",https://en.wiktionary.org/wiki/Category:Lemmas_subcategories_by_language,Bookmarks bar / AGI
Category:Magic symbols - Wikipedia,https://en.wikipedia.org/wiki/Category:Magic_symbols,Bookmarks bar / AGI
Category:Runes - Wikipedia,https://en.wikipedia.org/wiki/Category:Runes,Bookmarks bar / AGI
Distribution (mathematics) - Wikipedia,https://en.wikipedia.org/wiki/Distribution_(mathematics)#Tempered_distributions_and_Fourier_transform,Bookmarks bar / AGI
Overlayer - Wikipedia,https://en.wikipedia.org/wiki/Overlayer,Bookmarks bar / AGI
"Template:affix - Wiktionary, the free dictionary",https://en.wiktionary.org/wiki/Template:affix#top,Bookmarks bar / AGI
"Category:Morphology templates - Wiktionary, the free dictionary",https://en.wiktionary.org/wiki/Category:Morphology_templates,Bookmarks bar / AGI
Formal grammar - Wikipedia,https://en.wikipedia.org/wiki/Formal_grammar,Bookmarks bar / AGI
Axiomatic system - Wikipedia,https://en.wikipedia.org/wiki/Axiomatic_system,Bookmarks bar / AGI
Negation introduction - Wikipedia,https://en.wikipedia.org/wiki/Negation_introduction,Bookmarks bar / AGI
Metatheorem - Wikipedia,https://en.wikipedia.org/wiki/Metatheorem,Bookmarks bar / AGI
Recursive definition - Wikipedia,https://en.wikipedia.org/wiki/Recursive_definition,Bookmarks bar / AGI
Self-reference - Wikipedia,https://en.wikipedia.org/wiki/Self-reference,Bookmarks bar / AGI
Propositional calculus - Wikipedia,https://en.wikipedia.org/wiki/Propositional_calculus,Bookmarks bar / AGI
Big O notation - Wikipedia,https://en.wikipedia.org/wiki/Big_O_notation,Bookmarks bar / AGI
Post canonical system - Wikipedia,https://en.wikipedia.org/wiki/Post_canonical_system,Bookmarks bar / AGI
Shape grammar - Wikipedia,https://en.wikipedia.org/wiki/Shape_grammar,Bookmarks bar / AGI
Left recursion - Wikipedia,https://en.wikipedia.org/wiki/Left_recursion,Bookmarks bar / AGI
Pumping lemma for context-free languages - Wikipedia,https://en.wikipedia.org/wiki/Pumping_lemma_for_context-free_languages,Bookmarks bar / AGI
Unrestricted grammar - Wikipedia,https://en.wikipedia.org/wiki/Unrestricted_grammar,Bookmarks bar / AGI
Formal system - Wikipedia,https://en.wikipedia.org/wiki/Formal_system,Bookmarks bar / AGI
Category:Methods of proof - Wikipedia,https://en.wikipedia.org/wiki/Category:Methods_of_proof,Bookmarks bar / AGI
Gödel's incompleteness theorems - Wikipedia,https://en.wikipedia.org/wiki/G%C3%B6del%27s_incompleteness_theorems,Bookmarks bar / AGI
"Category:English terms prefixed with trans- - Wiktionary, the free dictionary",https://en.wiktionary.org/wiki/Category:English_terms_prefixed_with_trans-,Bookmarks bar / AGI
Antiderivative - Wikipedia,"https://en.wikipedia.org/wiki/Antiderivative#:~:text=In%20calculus%2C%20an%20antiderivative%2C%20inverse,the%20endpoints%20of%20the%20interval.",Bookmarks bar / AGI
Möbius inversion formula - Wikipedia,https://en.wikipedia.org/wiki/M%C3%B6bius_inversion_formula,Bookmarks bar / AGI
Category:Narrative techniques - Wikipedia,https://en.wikipedia.org/wiki/Category:Narrative_techniques,Bookmarks bar / AGI
Hyperspace - Wikipedia,"https://en.wikipedia.org/wiki/Hyperspace#:~:text=The%20basic%20premise%20of%20hyperspace,s%20Night%20Walk%20(1967).",Bookmarks bar / AGI
Minkowski space - Wikipedia,https://en.wikipedia.org/wiki/Minkowski_space,Bookmarks bar / AGI
Mathematical operators and symbols in Unicode - Wikipedia,https://en.wikipedia.org/wiki/Mathematical_operators_and_symbols_in_Unicode,Bookmarks bar / AGI
Em (typography) - Wikipedia,https://en.wikipedia.org/wiki/Em_(typography),Bookmarks bar / AGI
Processor design - Wikipedia,https://en.wikipedia.org/wiki/Processor_design,Bookmarks bar / AGI
"Category:Tools - Wiktionary, the free dictionary",https://en.wiktionary.org/wiki/Category:Tools,Bookmarks bar / AGI
"Category:Containers - Wiktionary, the free dictionary",https://en.wiktionary.org/wiki/Category:Containers,Bookmarks bar / AGI
"Category:Rhymes:English/eɪʃən - Wiktionary, the free dictionary",https://en.wiktionary.org/wiki/Category:Rhymes:English/e%C9%AA%CA%83%C9%99n,Bookmarks bar / AGI
"Category:en:Jargon - Wiktionary, the free dictionary",https://en.wiktionary.org/wiki/Category:en:Jargon,Bookmarks bar / AGI
"Appendix:Glossary - Wiktionary, the free dictionary",https://en.wiktionary.org/wiki/Appendix:Glossary#superlative,Bookmarks bar / AGI
"Category:English compound terms - Wiktionary, the free dictionary",https://en.wiktionary.org/wiki/Category:English_compound_terms,Bookmarks bar / AGI
"ambitransitive - Wiktionary, the free dictionary",https://en.wiktionary.org/wiki/ambitransitive,Bookmarks bar / AGI
"Category:English morphemes - Wiktionary, the free dictionary",https://en.wiktionary.org/wiki/Category:English_morphemes,Bookmarks bar / AGI
Category:Directed graphs - Wikipedia,https://en.wikipedia.org/wiki/Category:Directed_graphs,Bookmarks bar / AGI
"combinatorics - Wiktionary, the free dictionary",https://en.wiktionary.org/wiki/combinatorics#English,Bookmarks bar / AGI
DIKW pyramid - Wikipedia,https://en.wikipedia.org/wiki/DIKW_pyramid,Bookmarks bar / AGI
Structure of observed learning outcome - Wikipedia,https://en.wikipedia.org/wiki/Structure_of_observed_learning_outcome,Bookmarks bar / AGI
Category:Paradoxes - Wikipedia,https://en.wikipedia.org/wiki/Category:Paradoxes,Bookmarks bar / AGI
Category:Problem solving skills - Wikipedia,https://en.wikipedia.org/wiki/Category:Problem_solving_skills,Bookmarks bar / AGI
Mental calculation - Wikipedia,https://en.wikipedia.org/wiki/Mental_calculation,Bookmarks bar / AGI
Vitalism - Wikipedia,https://en.wikipedia.org/wiki/Vitalism,Bookmarks bar / AGI
Différance - Wikipedia,https://en.wikipedia.org/wiki/Diff%C3%A9rance,Bookmarks bar / AGI
Craig interpolation - Wikipedia,https://en.wikipedia.org/wiki/Craig_interpolation,Bookmarks bar / AGI
Mental image - Wikipedia,https://en.wikipedia.org/wiki/Mental_image,Bookmarks bar / AGI
Differentiable manifold - Wikipedia,https://en.wikipedia.org/wiki/Differentiable_manifold#Definition,Bookmarks bar / AGI
Category:Latin philosophical phrases - Wikipedia,https://en.wikipedia.org/wiki/Category:Latin_philosophical_phrases,Bookmarks bar / AGI
Cognitive load - Wikipedia,https://en.wikipedia.org/wiki/Cognitive_load,Bookmarks bar / AGI
Game theory - Wikipedia,https://en.wikipedia.org/wiki/Game_theory,Bookmarks bar / AGI
Ordinary differential equation - Wikipedia,https://en.wikipedia.org/wiki/Ordinary_differential_equation#Reduction_to_a_first-order_system,Bookmarks bar / AGI
Commutative property - Wikipedia,https://en.wikipedia.org/wiki/Commutative_property,Bookmarks bar / AGI
Algebraic structure - Wikipedia,https://en.wikipedia.org/wiki/Algebraic_structure,Bookmarks bar / AGI
Discrete space - Wikipedia,https://en.wikipedia.org/wiki/Discrete_space,Bookmarks bar / AGI
Antoine's necklace - Wikipedia,https://en.wikipedia.org/wiki/Antoine%27s_necklace,Bookmarks bar / AGI
Differentiable curve - Wikipedia,https://en.wikipedia.org/wiki/Differentiable_curve,Bookmarks bar / AGI
List of curves topics - Wikipedia,https://en.wikipedia.org/wiki/List_of_curves_topics,Bookmarks bar / AGI
List of differential geometry topics - Wikipedia,https://en.wikipedia.org/wiki/List_of_differential_geometry_topics,Bookmarks bar / AGI
Metric space - Wikipedia,https://en.wikipedia.org/wiki/Metric_space,Bookmarks bar / AGI
Semi-differentiability - Wikipedia,https://en.wikipedia.org/wiki/Semi-differentiability,Bookmarks bar / AGI
Quaternion - Wikipedia,https://en.wikipedia.org/wiki/Quaternion,Bookmarks bar / AGI
Category:Sheaf theory - Wikipedia,https://en.wikipedia.org/wiki/Category:Sheaf_theory,Bookmarks bar / AGI
Mathematical optimization - Wikipedia,https://en.wikipedia.org/wiki/Mathematical_optimization#Optimization_problems,Bookmarks bar / AGI
Machine learning - Wikipedia,https://en.wikipedia.org/wiki/Machine_learning#Optimization,Bookmarks bar / AGI
Artificial intelligence - Wikipedia,https://en.wikipedia.org/wiki/Artificial_intelligence,Bookmarks bar / AGI
Principle of indifference - Wikipedia,https://en.wikipedia.org/wiki/Principle_of_indifference,Bookmarks bar / AGI
Negation - Wikipedia,https://en.wikipedia.org/wiki/Negation,Bookmarks bar / AGI
Contraction mapping - Wikipedia,https://en.wikipedia.org/wiki/Contraction_mapping,Bookmarks bar / AGI
Search problem - Wikipedia,https://en.wikipedia.org/wiki/Search_problem,Bookmarks bar / AGI
Divergence - Wikipedia,https://en.wikipedia.org/wiki/Divergence,Bookmarks bar / AGI
Category:Theorems in differential geometry - Wikipedia,https://en.wikipedia.org/wiki/Category:Theorems_in_differential_geometry,Bookmarks bar / AGI
Category:Theorems about curves - Wikipedia,https://en.wikipedia.org/wiki/Category:Theorems_about_curves,Bookmarks bar / AGI
Fundamental theorem of calculus - Wikipedia,https://en.wikipedia.org/wiki/Fundamental_theorem_of_calculus,Bookmarks bar / AGI
List of exponential topics - Wikipedia,https://en.wikipedia.org/wiki/List_of_exponential_topics,Bookmarks bar / AGI
Black box - Wikipedia,https://en.wikipedia.org/wiki/Black_box,Bookmarks bar / AGI
Category:Ordinary differential equations - Wikipedia,https://en.wikipedia.org/wiki/Category:Ordinary_differential_equations,Bookmarks bar / AGI
Category:Control characters - Wikipedia,https://en.wikipedia.org/wiki/Category:Control_characters,Bookmarks bar / AGI
Topological manifold - Wikipedia,https://en.wikipedia.org/wiki/Topological_manifold,Bookmarks bar / AGI
Partial evaluation - Wikipedia,https://en.wikipedia.org/wiki/Partial_evaluation,Bookmarks bar / AGI
Category:Systems theory stubs - Wikipedia,https://en.wikipedia.org/wiki/Category:Systems_theory_stubs,Bookmarks bar / AGI
Program transformation - Wikipedia,https://en.wikipedia.org/wiki/Program_transformation,Bookmarks bar / AGI
Version control - Wikipedia,https://en.wikipedia.org/wiki/Version_control,Bookmarks bar / AGI
Category:Game theory equilibrium concepts - Wikipedia,https://en.wikipedia.org/wiki/Category:Game_theory_equilibrium_concepts,Bookmarks bar / AGI
Mathematical notation - Wikipedia,https://en.wikipedia.org/wiki/Mathematical_notation,Bookmarks bar / ai
Critical path method - Wikipedia,https://en.wikipedia.org/wiki/Critical_path_method,Bookmarks bar / ai
Noether's theorem - Wikipedia,https://en.wikipedia.org/wiki/Noether%27s_theorem,Bookmarks bar / ai
DSRP - Wikipedia,https://en.wikipedia.org/wiki/DSRP?utm_source=chatgpt.com,Bookmarks bar
https://en.wikipedia.org/wiki/DSRP?utm_source=chatgpt.com,https://en.wikipedia.org/wiki/DSRP?utm_source=chatgpt.com,Bookmarks bar
Regular expression - Wikipedia,https://en.wikipedia.org/wiki/Regular_expression,Bookmarks bar
Modal logic - Wikipedia,https://en.wikipedia.org/wiki/Modal_logic,Bookmarks bar
Non-well-founded set theory - Wikipedia,https://en.wikipedia.org/wiki/Non-well-founded_set_theory,Bookmarks bar
Category:Systems theory - Wikipedia,https://en.wikipedia.org/wiki/Category:Systems_theory,Bookmarks bar
Density functional theory - Wikipedia,https://en.wikipedia.org/wiki/Density_functional_theory#Software_supporting_DFT,Bookmarks bar
Simulacrum - Wikipedia,https://en.wikipedia.org/wiki/Simulacrum,Bookmarks bar
Memetics - Wikipedia,https://en.wikipedia.org/wiki/Memetics,Bookmarks bar
Self-perception theory - Wikipedia,https://en.wikipedia.org/wiki/Self-perception_theory,Bookmarks bar
Self-schema - Wikipedia,https://en.wikipedia.org/wiki/Self-schema,Bookmarks bar
Category:Self - Wikipedia,https://en.wikipedia.org/wiki/Category:Self,Bookmarks bar
Generalized other - Wikipedia,https://en.wikipedia.org/wiki/Generalized_other,Bookmarks bar
Non-difference (Abheda) - Wikipedia,https://en.wikipedia.org/wiki/Non-difference_(Abheda),Bookmarks bar
Category:Difference - Wikipedia,https://en.wikipedia.org/wiki/Category:Difference,Bookmarks bar
Minisuperspace - Wikipedia,https://en.wikipedia.org/wiki/Minisuperspace,Bookmarks bar
State space (computer science) - Wikipedia,https://en.wikipedia.org/wiki/State_space_(computer_science),Bookmarks bar
Practical reason - Wikipedia,https://en.wikipedia.org/wiki/Practical_reason,Bookmarks bar
Rule of inference - Wikipedia,https://en.wikipedia.org/wiki/Rule_of_inference,Bookmarks bar
Commutative property - Wikipedia,https://en.wikipedia.org/wiki/Commutative_property#Propositional_logic,Bookmarks bar
Convolution - Wikipedia,https://en.wikipedia.org/wiki/Convolution,Bookmarks bar
Quiddity - Wikipedia,https://en.wikipedia.org/wiki/Quiddity,Bookmarks bar
Substance theory - Wikipedia,https://en.wikipedia.org/wiki/Substance_theory,Bookmarks bar
"Category:English lemmas - Wiktionary, the free dictionary",https://en.wiktionary.org/wiki/Category:English_lemmas,Bookmarks bar
Turnstile (symbol) - Wikipedia,https://en.wikipedia.org/wiki/Turnstile_(symbol),Bookmarks bar
List of logic symbols - Wikipedia,https://en.wikipedia.org/wiki/List_of_logic_symbols,Bookmarks bar
Predicate variable - Wikipedia,https://en.wikipedia.org/wiki/Predicate_variable,Bookmarks bar
Lambda calculus - Wikipedia,https://en.wikipedia.org/wiki/Lambda_calculus,Bookmarks bar
λProlog - Wikipedia,https://en.wikipedia.org/wiki/%CE%9BProlog,Bookmarks bar
Iterative deepening depth-first search - Wikipedia,https://en.wikipedia.org/wiki/Iterative_deepening_depth-first_search,Bookmarks bar
Corpus of Linguistic Acceptability - Wikipedia,https://en.wikipedia.org/wiki/Corpus_of_Linguistic_Acceptability?utm_source=chatgpt.com,Bookmarks bar
Projective representation - Wikipedia,https://en.wikipedia.org/wiki/Projective_representation,Bookmarks bar
Order of approximation - Wikipedia,https://en.wikipedia.org/wiki/Order_of_approximation,Bookmarks bar
Hypercomplex number - Wikipedia,https://en.wikipedia.org/wiki/Hypercomplex_number,Bookmarks bar
Goal-Driven Software Development Process - Wikipedia,https://en.wikipedia.org/wiki/Goal-Driven_Software_Development_Process,Bookmarks bar
Category:Software engineering - Wikipedia,https://en.wikipedia.org/wiki/Category:Software_engineering,Bookmarks bar
Affix - Wikipedia,https://en.wikipedia.org/wiki/Affix,Bookmarks bar
Metaheuristic - Wikipedia,https://en.wikipedia.org/wiki/Metaheuristic,Bookmarks bar
Genetic representation - Wikipedia,https://en.wikipedia.org/wiki/Genetic_representation,Bookmarks bar
MediaWiki - Wikipedia,https://en.wikipedia.org/wiki/MediaWiki,Bookmarks bar
Category:Education theory - Wikipedia,https://en.wikipedia.org/wiki/Category:Education_theory,Bookmarks bar
Loop quantum gravity - Wikipedia,https://en.wikipedia.org/wiki/Loop_quantum_gravity,Bookmarks bar
List of mathematical topics in quantum theory - Wikipedia,https://en.wikipedia.org/wiki/List_of_mathematical_topics_in_quantum_theory,Bookmarks bar
Glossary of elementary quantum mechanics - Wikipedia,https://en.wikipedia.org/wiki/Glossary_of_elementary_quantum_mechanics,Bookmarks bar
Word play - Wikipedia,https://en.wikipedia.org/wiki/Word_play,Bookmarks bar
Pun - Wikipedia,https://en.wikipedia.org/wiki/Pun,Bookmarks bar
Category:Hamiltonian paths and cycles - Wikipedia,https://en.wikipedia.org/wiki/Category:Hamiltonian_paths_and_cycles,Bookmarks bar
Lambda calculus - Wikipedia,https://en.wikipedia.org/wiki/Lambda_calculus#Substitution,Bookmarks bar
Analogy - Wikipedia,https://en.wikipedia.org/wiki/Analogy,Bookmarks bar
Programming paradigm - Wikipedia,https://en.wikipedia.org/wiki/Programming_paradigm,Bookmarks bar
Morphism - Wikipedia,https://en.wikipedia.org/wiki/Morphism,Bookmarks bar
Reference work - Wikipedia,https://en.wikipedia.org/wiki/Reference_work,Bookmarks bar
Pathfinder (library science) - Wikipedia,https://en.wikipedia.org/wiki/Pathfinder_(library_science),Bookmarks bar
Literary criticism - Wikipedia,https://en.wikipedia.org/wiki/Literary_criticism,Bookmarks bar
Study guide - Wikipedia,https://en.wikipedia.org/wiki/Study_guide,Bookmarks bar
Grammar - Wikipedia,https://en.wikipedia.org/wiki/Grammar,Bookmarks bar
Operator grammar - Wikipedia,https://en.wikipedia.org/wiki/Operator_grammar,Bookmarks bar
Category:Communication theory - Wikipedia,https://en.wikipedia.org/wiki/Category:Communication_theory,Bookmarks bar
Value theory - Wikipedia,https://en.wikipedia.org/wiki/Value_theory,Bookmarks bar
"Appendix:Glossary - Wiktionary, the free dictionary",https://en.wiktionary.org/wiki/Appendix:Glossary#intransitive,Bookmarks bar
Glossary of graph theory - Wikipedia,https://en.wikipedia.org/wiki/Glossary_of_graph_theory,Bookmarks bar
Category:Glossaries of mathematics - Wikipedia,https://en.wikipedia.org/wiki/Category:Glossaries_of_mathematics,Bookmarks bar
Formal concept analysis - Wikipedia,https://en.wikipedia.org/wiki/Formal_concept_analysis,Bookmarks bar
Pattern theory - Wikipedia,https://en.wikipedia.org/wiki/Pattern_theory,Bookmarks bar
Conceptual space - Wikipedia,https://en.wikipedia.org/wiki/Conceptual_space,Bookmarks bar
Global workspace theory - Wikipedia,https://en.wikipedia.org/wiki/Global_workspace_theory,Bookmarks bar
Cognitive map - Wikipedia,https://en.wikipedia.org/wiki/Cognitive_map,Bookmarks bar
Cognitive model - Wikipedia,https://en.wikipedia.org/wiki/Cognitive_model,Bookmarks bar
Phase space - Wikipedia,https://en.wikipedia.org/wiki/Phase_space,Bookmarks bar
Recursion - Wikipedia,https://en.wikipedia.org/wiki/Recursion,Bookmarks bar
Bekić's theorem - Wikipedia,https://en.wikipedia.org/wiki/Beki%C4%87%27s_theorem,Bookmarks bar
Anthropic principle - Wikipedia,https://en.wikipedia.org/wiki/Anthropic_principle#Variants,Bookmarks bar
Complex system - Wikipedia,https://en.wikipedia.org/wiki/Complex_system,Bookmarks bar
Recursion - Wikipedia,https://en.wikipedia.org/wiki/Recursion#Recursive_humor,Bookmarks bar
Stigmergy - Wikipedia,https://en.wikipedia.org/wiki/Stigmergy,Bookmarks bar
Computational theory of mind - Wikipedia,https://en.wikipedia.org/wiki/Computational_theory_of_mind,Bookmarks bar
Paraconsistent logic - Wikipedia,https://en.wikipedia.org/wiki/Paraconsistent_logic,Bookmarks bar
Logical connective - Wikipedia,https://en.wikipedia.org/wiki/Logical_connective,Bookmarks bar
Logic alphabet - Wikipedia,https://en.wikipedia.org/wiki/Logic_alphabet,Bookmarks bar
Glossary of mathematical symbols - Wikipedia,https://en.wikipedia.org/wiki/Glossary_of_mathematical_symbols,Bookmarks bar
List of mathematical constants - Wikipedia,https://en.wikipedia.org/wiki/List_of_mathematical_constants,Bookmarks bar
Particular values of the Riemann zeta function - Wikipedia,https://en.wikipedia.org/wiki/Particular_values_of_the_Riemann_zeta_function,Bookmarks bar
Category:Zeta and L-functions - Wikipedia,https://en.wikipedia.org/wiki/Category:Zeta_and_L-functions,Bookmarks bar
Category:Algebraic number theory - Wikipedia,https://en.wikipedia.org/wiki/Category:Algebraic_number_theory,Bookmarks bar
Category:Field (mathematics) - Wikipedia,https://en.wikipedia.org/wiki/Category:Field_(mathematics),Bookmarks bar
Irrational number - Wikipedia,https://en.wikipedia.org/wiki/Irrational_number,Bookmarks bar
Composition algebra - Wikipedia,https://en.wikipedia.org/wiki/Composition_algebra,Bookmarks bar
Fixed point (mathematics) - Wikipedia,https://en.wikipedia.org/wiki/Fixed_point_(mathematics),Bookmarks bar
Category:Fixed points (mathematics) - Wikipedia,https://en.wikipedia.org/wiki/Category:Fixed_points_(mathematics),Bookmarks bar
Category:Recursion - Wikipedia,https://en.wikipedia.org/wiki/Category:Recursion,Bookmarks bar
Category:Algorithms - Wikipedia,https://en.wikipedia.org/wiki/Category:Algorithms,Bookmarks bar
Category:Mathematical logic - Wikipedia,https://en.wikipedia.org/wiki/Category:Mathematical_logic,Bookmarks bar
Category:Branches of philosophy - Wikipedia,https://en.wikipedia.org/wiki/Category:Branches_of_philosophy,Bookmarks bar
Category:Techniques - Wikipedia,https://en.wikipedia.org/wiki/Category:Techniques,Bookmarks bar
Category:Change - Wikipedia,https://en.wikipedia.org/wiki/Category:Change,Bookmarks bar
Impermanence - Wikipedia,https://en.wikipedia.org/wiki/Impermanence,Bookmarks bar
Category:Behavior modification - Wikipedia,https://en.wikipedia.org/wiki/Category:Behavior_modification,Bookmarks bar
Category:Learning - Wikipedia,https://en.wikipedia.org/wiki/Category:Learning,Bookmarks bar
Category:Skills - Wikipedia,https://en.wikipedia.org/wiki/Category:Skills,Bookmarks bar
Category:Methodology - Wikipedia,https://en.wikipedia.org/wiki/Category:Methodology,Bookmarks bar
Category:Philosophy of mathematics - Wikipedia,https://en.wikipedia.org/wiki/Category:Philosophy_of_mathematics,Bookmarks bar
Structure (mathematical logic) - Wikipedia,https://en.wikipedia.org/wiki/Structure_(mathematical_logic),Bookmarks bar
Idempotence - Wikipedia,https://en.wikipedia.org/wiki/Idempotence,Bookmarks bar
Eigenvalues and eigenvectors - Wikipedia,https://en.wikipedia.org/wiki/Eigenvalues_and_eigenvectors,Bookmarks bar
Möbius transformation - Wikipedia,https://en.wikipedia.org/wiki/M%C3%B6bius_transformation#Fixed_points,Bookmarks bar
Infinite compositions of analytic functions - Wikipedia,https://en.wikipedia.org/wiki/Infinite_compositions_of_analytic_functions,Bookmarks bar
Bifurcation theory - Wikipedia,https://en.wikipedia.org/wiki/Bifurcation_theory,Bookmarks bar
Singularity theory - Wikipedia,https://en.wikipedia.org/wiki/Singularity_theory,Bookmarks bar
Category:Bifurcation theory - Wikipedia,https://en.wikipedia.org/wiki/Category:Bifurcation_theory,Bookmarks bar
Category:Singularity theory - Wikipedia,https://en.wikipedia.org/wiki/Category:Singularity_theory,Bookmarks bar
Category:Differential geometry - Wikipedia,https://en.wikipedia.org/wiki/Category:Differential_geometry,Bookmarks bar
Differential topology - Wikipedia,https://en.wikipedia.org/wiki/Differential_topology,Bookmarks bar
Category:Differential topology - Wikipedia,https://en.wikipedia.org/wiki/Category:Differential_topology,Bookmarks bar
Algebraic geometry - Wikipedia,https://en.wikipedia.org/wiki/Algebraic_geometry,Bookmarks bar
Dynamical system - Wikipedia,https://en.wikipedia.org/wiki/Dynamical_system,Bookmarks bar
Limit set - Wikipedia,https://en.wikipedia.org/wiki/Limit_set,Bookmarks bar
Category (mathematics) - Wikipedia,https://en.wikipedia.org/wiki/Category_(mathematics),Bookmarks bar
Category theory - Wikipedia,https://en.wikipedia.org/wiki/Category_theory,Bookmarks bar
Higher category theory - Wikipedia,https://en.wikipedia.org/wiki/Higher_category_theory,Bookmarks bar
Higher-dimensional algebra - Wikipedia,https://en.wikipedia.org/wiki/Higher-dimensional_algebra,Bookmarks bar
Topological quantum field theory - Wikipedia,https://en.wikipedia.org/wiki/Topological_quantum_field_theory,Bookmarks bar
Functor category - Wikipedia,https://en.wikipedia.org/wiki/Functor_category,Bookmarks bar
Adjoint functors - Wikipedia,https://en.wikipedia.org/wiki/Adjoint_functors,Bookmarks bar
Adjunction space - Wikipedia,https://en.wikipedia.org/wiki/Adjunction_space,Bookmarks bar
Topological space - Wikipedia,https://en.wikipedia.org/wiki/Topological_space,Bookmarks bar
Category:Topological spaces - Wikipedia,https://en.wikipedia.org/wiki/Category:Topological_spaces,Bookmarks bar
Category:Space (mathematics) - Wikipedia,https://en.wikipedia.org/wiki/Category:Space_(mathematics),Bookmarks bar
Mathematical structure - Wikipedia,https://en.wikipedia.org/wiki/Mathematical_structure,Bookmarks bar
Mathematical object - Wikipedia,https://en.wikipedia.org/wiki/Mathematical_object,Bookmarks bar
Category:Mathematical concepts - Wikipedia,https://en.wikipedia.org/wiki/Category:Mathematical_concepts,Bookmarks bar
Isomorphism of categories - Wikipedia,https://en.wikipedia.org/wiki/Isomorphism_of_categories,Bookmarks bar
Equivalence of categories - Wikipedia,https://en.wikipedia.org/wiki/Equivalence_of_categories,Bookmarks bar
Equivalent definitions of mathematical structures - Wikipedia,https://en.wikipedia.org/wiki/Equivalent_definitions_of_mathematical_structures,Bookmarks bar
Universal set - Wikipedia,https://en.wikipedia.org/wiki/Universal_set,Bookmarks bar
Universe (mathematics) - Wikipedia,https://en.wikipedia.org/wiki/Universe_(mathematics),Bookmarks bar
Von Neumann–Bernays–Gödel set theory - Wikipedia,https://en.wikipedia.org/wiki/Von_Neumann%E2%80%93Bernays%E2%80%93G%C3%B6del_set_theory,Bookmarks bar
Category of sets - Wikipedia,https://en.wikipedia.org/wiki/Category_of_sets,Bookmarks bar
Category of topological spaces - Wikipedia,https://en.wikipedia.org/wiki/Category_of_topological_spaces,Bookmarks bar
Category of Markov kernels - Wikipedia,https://en.wikipedia.org/wiki/Category_of_Markov_kernels,Bookmarks bar
Markov chain - Wikipedia,https://en.wikipedia.org/wiki/Markov_chain,Bookmarks bar
Category:Markov processes - Wikipedia,https://en.wikipedia.org/wiki/Category:Markov_processes,Bookmarks bar
Machine learning - Wikipedia,https://en.wikipedia.org/wiki/Machine_learning,Bookmarks bar
Type theory - Wikipedia,https://en.wikipedia.org/wiki/Type_theory,Bookmarks bar
Typed lambda calculus - Wikipedia,https://en.wikipedia.org/wiki/Typed_lambda_calculus,Bookmarks bar
Homotopy type theory - Wikipedia,https://en.wikipedia.org/wiki/Homotopy_type_theory,Bookmarks bar
Curry–Howard correspondence - Wikipedia,https://en.wikipedia.org/wiki/Curry%E2%80%93Howard_correspondence,Bookmarks bar
Sheaf (mathematics) - Wikipedia,https://en.wikipedia.org/wiki/Sheaf_(mathematics),Bookmarks bar
Topos - Wikipedia,https://en.wikipedia.org/wiki/Topos,Bookmarks bar
Open set - Wikipedia,https://en.wikipedia.org/wiki/Open_set,Bookmarks bar
Presheaf (category theory) - Wikipedia,https://en.wikipedia.org/wiki/Presheaf_(category_theory),Bookmarks bar
Category:Geometry of divisors - Wikipedia,https://en.wikipedia.org/wiki/Category:Geometry_of_divisors,Bookmarks bar
Category:Algebraic varieties - Wikipedia,https://en.wikipedia.org/wiki/Category:Algebraic_varieties,Bookmarks bar
Algebraic variety - Wikipedia,https://en.wikipedia.org/wiki/Algebraic_variety,Bookmarks bar
Manifold - Wikipedia,https://en.wikipedia.org/wiki/Manifold,Bookmarks bar
Euclidean space - Wikipedia,https://en.wikipedia.org/wiki/Euclidean_space,Bookmarks bar
Non-Euclidean geometry - Wikipedia,https://en.wikipedia.org/wiki/Non-Euclidean_geometry,Bookmarks bar
Hilbert space - Wikipedia,https://en.wikipedia.org/wiki/Hilbert_space,Bookmarks bar
Dot product - Wikipedia,https://en.wikipedia.org/wiki/Dot_product,Bookmarks bar
Matrix multiplication - Wikipedia,https://en.wikipedia.org/wiki/Matrix_multiplication,Bookmarks bar
Vector (mathematics and physics) - Wikipedia,https://en.wikipedia.org/wiki/Vector_(mathematics_and_physics),Bookmarks bar
Phasor - Wikipedia,https://en.wikipedia.org/wiki/Phasor,Bookmarks bar
Wave interference - Wikipedia,https://en.wikipedia.org/wiki/Wave_interference,Bookmarks bar
Chaos theory - Wikipedia,https://en.wikipedia.org/wiki/Chaos_theory,Bookmarks bar
Thermodynamics - Wikipedia,https://en.wikipedia.org/wiki/Thermodynamics,Bookmarks bar
Category:Thermodynamics - Wikipedia,https://en.wikipedia.org/wiki/Category:Thermodynamics,Bookmarks bar
Metadynamics - Wikipedia,"https://en.wikipedia.org/wiki/Metadynamics#:~:text=Metadynamics%20(MTD%3B%20also%20abbreviated%20as,of%20the%20system's%20energy%20landscape.",Bookmarks bar
Entropy - Wikipedia,https://en.wikipedia.org/wiki/Entropy,Bookmarks bar
Temperature - Wikipedia,https://en.wikipedia.org/wiki/Temperature,Bookmarks bar
Work (physics) - Wikipedia,https://en.wikipedia.org/wiki/Work_(physics),Bookmarks bar
Heat - Wikipedia,https://en.wikipedia.org/wiki/Heat,Bookmarks bar
Category:Concepts in metaphysics - Wikipedia,https://en.wikipedia.org/wiki/Category:Concepts_in_metaphysics,Bookmarks bar
Metamaterial - Wikipedia,https://en.wikipedia.org/wiki/Metamaterial,Bookmarks bar
Electromagnetic metasurface - Wikipedia,https://en.wikipedia.org/wiki/Electromagnetic_metasurface,Bookmarks bar
Holomorph (mathematics) - Wikipedia,https://en.wikipedia.org/wiki/Holomorph_(mathematics),Bookmarks bar
Fungus - Wikipedia,https://en.wikipedia.org/wiki/Fungus,Bookmarks bar
Algebraic logic - Wikipedia,https://en.wikipedia.org/wiki/Algebraic_logic#Calculus_of_relations,Bookmarks bar
Geometric algebra - Wikipedia,https://en.wikipedia.org/wiki/Geometric_algebra,Bookmarks bar
Paravector - Wikipedia,https://en.wikipedia.org/wiki/Paravector,Bookmarks bar
Clifford algebra - Wikipedia,https://en.wikipedia.org/wiki/Clifford_algebra,Bookmarks bar
Category:Clifford algebras - Wikipedia,https://en.wikipedia.org/wiki/Category:Clifford_algebras,Bookmarks bar
Representation theory - Wikipedia,https://en.wikipedia.org/wiki/Representation_theory,Bookmarks bar
Category:Representation theory - Wikipedia,https://en.wikipedia.org/wiki/Category:Representation_theory,Bookmarks bar
Group theory - Wikipedia,https://en.wikipedia.org/wiki/Group_theory,Bookmarks bar
Category:Group theory - Wikipedia,https://en.wikipedia.org/wiki/Category:Group_theory,Bookmarks bar
Category:Permutations - Wikipedia,https://en.wikipedia.org/wiki/Category:Permutations,Bookmarks bar
Cyclic permutation - Wikipedia,https://en.wikipedia.org/wiki/Cyclic_permutation#Transpositions,Bookmarks bar
List of permutation topics - Wikipedia,https://en.wikipedia.org/wiki/List_of_permutation_topics,Bookmarks bar
Category:Mathematics-related lists - Wikipedia,https://en.wikipedia.org/wiki/Category:Mathematics-related_lists,Bookmarks bar
Category:Science-related lists - Wikipedia,https://en.wikipedia.org/wiki/Category:Science-related_lists,Bookmarks bar
Category:Information theory - Wikipedia,https://en.wikipedia.org/wiki/Category:Information_theory,Bookmarks bar
Abstraction - Wikipedia,https://en.wikipedia.org/wiki/Abstraction,Bookmarks bar
First principle - Wikipedia,https://en.wikipedia.org/wiki/First_principle,Bookmarks bar
Foundationalism - Wikipedia,https://en.wikipedia.org/wiki/Foundationalism,Bookmarks bar
Epistemology - Wikipedia,https://en.wikipedia.org/wiki/Epistemology,Bookmarks bar
Pragmatism - Wikipedia,https://en.wikipedia.org/wiki/Pragmatism,Bookmarks bar
Category:Philosophy of science - Wikipedia,https://en.wikipedia.org/wiki/Category:Philosophy_of_science,Bookmarks bar
'Pataphysics - Wikipedia,https://en.wikipedia.org/wiki/%27Pataphysics,Bookmarks bar
Metafiction - Wikipedia,https://en.wikipedia.org/wiki/Metafiction,Bookmarks bar
Pseudoscience - Wikipedia,https://en.wikipedia.org/wiki/Pseudoscience,Bookmarks bar
List of topics characterized as pseudoscience - Wikipedia,https://en.wikipedia.org/wiki/List_of_topics_characterized_as_pseudoscience,Bookmarks bar
List of cognitive biases - Wikipedia,https://en.wikipedia.org/wiki/List_of_cognitive_biases,Bookmarks bar
False memory - Wikipedia,https://en.wikipedia.org/wiki/False_memory,Bookmarks bar
Confabulation - Wikipedia,https://en.wikipedia.org/wiki/Confabulation,Bookmarks bar
Hallucination - Wikipedia,https://en.wikipedia.org/wiki/Hallucination,Bookmarks bar
User illusion - Wikipedia,https://en.wikipedia.org/wiki/User_illusion,Bookmarks bar
Hallucination (artificial intelligence) - Wikipedia,https://en.wikipedia.org/wiki/Hallucination_(artificial_intelligence),Bookmarks bar
AI slop - Wikipedia,https://en.wikipedia.org/wiki/AI_slop,Bookmarks bar
Search engine optimization - Wikipedia,https://en.wikipedia.org/wiki/Search_engine_optimization,Bookmarks bar
Turtles all the way down - Wikipedia,https://en.wikipedia.org/wiki/Turtles_all_the_way_down,Bookmarks bar
Transfinite induction - Wikipedia,https://en.wikipedia.org/wiki/Transfinite_induction,Bookmarks bar
Epsilon-induction - Wikipedia,https://en.wikipedia.org/wiki/Epsilon-induction,Bookmarks bar
Noetherian topological space - Wikipedia,https://en.wikipedia.org/wiki/Noetherian_topological_space,Bookmarks bar
Scheme (mathematics) - Wikipedia,https://en.wikipedia.org/wiki/Scheme_(mathematics),Bookmarks bar
Algebraic space - Wikipedia,https://en.wikipedia.org/wiki/Algebraic_space,Bookmarks bar
Algebraic stack - Wikipedia,https://en.wikipedia.org/wiki/Algebraic_stack,Bookmarks bar
Quotient stack - Wikipedia,https://en.wikipedia.org/wiki/Quotient_stack,Bookmarks bar
Algebraic curve - Wikipedia,https://en.wikipedia.org/wiki/Algebraic_curve,Bookmarks bar
Battlerite - Wikipedia,https://en.wikipedia.org/wiki/Battlerite,DESKTOP-V29MEP2 / Folder
Isomorphism - Wikipedia,https://en.wikipedia.org/wiki/Isomorphism,DESKTOP-V29MEP2 / Folder
Algebra over a field - Wikipedia,https://en.wikipedia.org/wiki/Algebra_over_a_field#Algebra_homomorphisms,DESKTOP-V29MEP2 / Folder
Isomorphism - Wikipedia,https://en.wikipedia.org/wiki/Isomorphism#Isomorphism_class,DESKTOP-V29MEP2 / Folder
Philosophy of science - Wikipedia,https://en.wikipedia.org/wiki/Philosophy_of_science,Other bookmarks
Information - Wikipedia,https://en.wikipedia.org/wiki/Information,Other bookmarks
Permutation - Wikipedia,https://en.wikipedia.org/wiki/Permutation,Other bookmarks
Metaphysics - Wikipedia,https://en.wikipedia.org/wiki/Metaphysics,Other bookmarks
Physics - Wikipedia,https://en.wikipedia.org/wiki/Physics,Other bookmarks
Energy - Wikipedia,https://en.wikipedia.org/wiki/Energy,Other bookmarks
Differential geometry - Wikipedia,https://en.wikipedia.org/wiki/Differential_geometry,Other bookmarks
Mathematical logic - Wikipedia,https://en.wikipedia.org/wiki/Mathematical_logic,Other bookmarks
Philosophy of mathematics - Wikipedia,https://en.wikipedia.org/wiki/Philosophy_of_mathematics,Other bookmarks
Methodology - Wikipedia,https://en.wikipedia.org/wiki/Methodology,Other bookmarks
Skill - Wikipedia,https://en.wikipedia.org/wiki/Skill,Other bookmarks
Learning - Wikipedia,https://en.wikipedia.org/wiki/Learning,Other bookmarks
Behavior modification - Wikipedia,https://en.wikipedia.org/wiki/Behavior_modification,Other bookmarks
Concept - Wikipedia,https://en.wikipedia.org/wiki/Concept,Other bookmarks
Category:Concepts - Wikipedia,https://en.wikipedia.org/wiki/Category:Concepts,Other bookmarks
Information theory - Wikipedia,https://en.wikipedia.org/wiki/Information_theory,Other bookmarks
Wiki - Wikipedia,https://en.wikipedia.org/wiki/Wiki,Other bookmarks
Space - Wikipedia,https://en.wikipedia.org/wiki/Space,Other bookmarks
Quantum mechanics - Wikipedia,https://en.wikipedia.org/wiki/Quantum_mechanics,Other bookmarks
Quantum - Wikipedia,https://en.wikipedia.org/wiki/Quantum,Other bookmarks
Category:Information retrieval techniques - Wikipedia,https://en.wikipedia.org/wiki/Category:Information_retrieval_techniques,Other bookmarks / New folder
Ferdinand de Saussure - Wikipedia,https://en.wikipedia.org/wiki/Ferdinand_de_Saussure,Other bookmarks / New folder
Task View - Wikipedia,https://en.wikipedia.org/wiki/Task_View,Other bookmarks / New folder
Molecule - Wikipedia,https://en.wikipedia.org/wiki/Molecule,Other bookmarks / New folder
Accelerated Linear Algebra - Wikipedia,https://en.wikipedia.org/wiki/Accelerated_Linear_Algebra,Other bookmarks / New folder
JAX (software) - Wikipedia,https://en.wikipedia.org/wiki/JAX_(software),Other bookmarks / New folder
Kripke semantics - Wikipedia,https://en.wikipedia.org/wiki/Kripke_semantics,Other bookmarks / Key Resources
Polytely - Wikipedia,https://en.wikipedia.org/wiki/Polytely,Other bookmarks / Key Resources
Category:Hyperreality - Wikipedia,https://en.wikipedia.org/wiki/Category:Hyperreality,Other bookmarks / Key Resources
Hyper-heuristic - Wikipedia,https://en.wikipedia.org/wiki/Hyper-heuristic,Other bookmarks / Key Resources
Contraposition - Wikipedia,https://en.wikipedia.org/wiki/Contraposition,Other bookmarks / Key Resources
Precision questioning - Wikipedia,https://en.wikipedia.org/wiki/Precision_questioning,Other bookmarks / Key Resources
Nanosyntax - Wikipedia,https://en.wikipedia.org/wiki/Nanosyntax,Other bookmarks / Key Resources
"Barnum effect - Wikipedia, the free encyclopedia",https://en.wikipedia.org/wiki/Barnum_effect,Other bookmarks / INTEGRAL / Work Tools / Misc
Stimulant - Wikipedia,https://en.wikipedia.org/wiki/Stimulant,Other bookmarks / INTEGRAL / Work Tools / Misc
Anima and animus - Wikipedia,https://en.wikipedia.org/wiki/Anima_and_animus,Other bookmarks / Mobile bookmarks
Elevation (emotion) - Wikipedia,https://en.wikipedia.org/wiki/Elevation_(emotion),Other bookmarks / Mobile bookmarks
